Date,Consumption,Wind,Solar,Wind+Solar
2015-01-01,1111.336,325.12799999999993,17.079,342.207
2015-01-02,1300.8839999999998,603.5580000000001,7.758,611.316
2015-01-03,1265.2709999999997,462.9529999999999,7.236000000000001,470.18899999999996
2015-01-04,1198.854,385.02400000000006,19.983999999999998,405.0080000000001
2015-01-05,1449.8609999999999,216.54300000000003,26.524,243.067
2015-01-06,1452.8909999999998,117.231,32.888,150.11900000000003
2015-01-07,1569.872,227.208,17.113,244.321
2015-01-08,1586.974,440.32000000000005,8.597,448.91700000000003
2015-01-09,1563.2930000000001,641.73,6.823,648.5530000000001
2015-01-10,1331.448,634.6750000000001,20.476999999999997,655.1519999999999
2015-01-11,1262.1610000000003,630.3790000000001,19.811000000000003,650.1900000000002
2015-01-12,1582.0660000000003,631.8330000000001,11.025000000000002,642.8580000000001
2015-01-13,1574.3019999999997,511.733,50.282000000000004,562.0150000000001
2015-01-14,1593.6819999999998,406.986,18.104999999999997,425.091
2015-01-15,1602.4040000000002,556.471,17.156,573.6270000000001
2015-01-16,1565.3199999999997,249.329,22.817,272.1460000000001
2015-01-17,1354.8010000000002,137.719,21.405000000000005,159.12400000000005
2015-01-18,1267.4890000000003,127.21700000000001,31.261,158.47800000000004
2015-01-19,1594.8690000000001,31.620999999999995,23.683,55.304
2015-01-20,1629.7300000000002,16.736999999999995,10.79,27.527
2015-01-21,1632.1459999999997,50.364999999999995,22.121000000000002,72.486
2015-01-22,1636.9779999999996,62.294,12.119,74.41300000000001
2015-01-23,1616.264,38.59,7.014999999999999,45.60499999999999
2015-01-24,1402.911,156.99800000000002,9.832999999999998,166.831
2015-01-25,1290.6550000000002,111.70699999999998,11.572000000000001,123.27899999999998
2015-01-26,1611.883,231.59400000000002,10.594,242.18800000000002
2015-01-27,1620.5649999999996,268.63100000000003,17.574,286.20500000000004
2015-01-28,1626.1640000000002,441.697,16.581,458.278
2015-01-29,1620.04,401.554,27.784000000000002,429.3380000000001
2015-01-30,1587.346,125.17899999999999,13.462,138.641
2015-01-31,1360.551,133.954,20.213,154.167
2015-02-01,1273.828,121.819,24.68,146.499
2015-02-02,1608.68,197.40499999999997,20.267999999999997,217.673
2015-02-03,1639.2599999999998,97.155,27.529999999999998,124.68499999999999
2015-02-04,1651.314,40.21799999999999,31.95,72.16800000000002
2015-02-05,1647.357,127.51899999999998,29.04,156.55899999999997
2015-02-06,1620.5069999999998,168.54800000000003,46.344,214.89200000000002
2015-02-07,1408.553,284.22599999999994,55.924,340.15000000000003
2015-02-08,1296.8550000000002,405.421,52.428999999999995,457.84999999999997
2015-02-09,1618.6070000000002,382.505,15.048999999999998,397.554
2015-02-10,1626.8640000000003,145.80300000000003,24.129,169.93200000000002
2015-02-11,1623.0859999999998,26.156,28.011,54.16700000000001
2015-02-12,1619.396,24.474999999999998,40.589,65.06400000000001
2015-02-13,1583.1730000000002,96.107,64.53199999999998,160.639
2015-02-14,1359.135,117.22899999999998,67.187,184.41600000000003
2015-02-15,1261.1670000000001,202.85199999999998,60.94200000000001,263.79400000000004
2015-02-16,1536.78,204.535,60.863,265.398
2015-02-17,1600.0189999999996,64.95100000000001,40.309999999999995,105.26100000000001
2015-02-18,1611.379,134.26100000000002,40.082,174.34300000000002
2015-02-19,1607.7410000000002,243.06099999999998,62.938,305.999
2015-02-20,1571.0169999999998,332.2839999999999,79.74499999999999,412.02899999999994
2015-02-21,1345.9130000000002,270.833,49.617,320.45000000000005
2015-02-22,1256.9379999999999,162.979,52.147999999999996,215.12700000000004
2015-02-23,1592.6559999999997,365.7630000000001,28.046,393.80899999999997
2015-02-24,1604.9909999999993,317.5560000000001,50.806,368.362
2015-02-25,1585.249,107.04699999999997,72.24799999999999,179.295
2015-02-26,1579.3500000000004,177.50499999999997,106.26300000000002,283.768
2015-02-27,1569.187,136.12199999999999,65.845,201.967
2015-02-28,1340.4889999999998,207.35000000000002,82.594,289.944
2015-03-01,1235.8359999999998,449.937,36.68900000000001,486.62600000000003
2015-03-02,1546.866,510.473,65.60100000000001,576.0740000000002
2015-03-03,1570.6389999999997,430.8539999999999,101.146,532.0000000000001
2015-03-04,1579.064,379.81600000000003,70.465,450.2810000000001
2015-03-05,1573.5580000000002,164.829,68.654,233.483
2015-03-06,1547.83,137.701,65.594,203.29500000000002
2015-03-07,1317.4249999999997,269.20300000000003,114.55600000000001,383.75899999999996
2015-03-08,1182.494,202.51199999999997,134.96699999999998,337.47900000000004
2015-03-09,1496.531,74.487,118.813,193.3
2015-03-10,1537.668,145.52800000000002,97.02900000000001,242.557
2015-03-11,1530.601,124.235,114.652,238.88699999999994
2015-03-12,1536.444,74.432,104.66800000000002,179.1
2015-03-13,1524.4739999999995,153.322,85.05400000000002,238.37599999999998
2015-03-14,1320.247,147.21999999999997,41.482,188.702
2015-03-15,1212.893,243.31099999999995,63.371999999999986,306.68300000000005
2015-03-16,1507.5190000000002,334.7219999999999,117.27799999999998,451.9999999999999
2015-03-17,1506.4850000000001,186.919,131.459,318.3780000000001
2015-03-18,1498.9600000000003,113.93699999999998,149.836,263.773
2015-03-19,1508.011,45.01,135.88599999999997,180.896
2015-03-20,1490.0080000000003,35.96,123.326,159.28599999999997
2015-03-21,1304.469,164.026,75.30700000000002,239.333
2015-03-22,1196.051,132.09100000000004,87.08,219.17099999999996
2015-03-23,1500.293,66.90399999999998,113.19,180.09400000000002
2015-03-24,1518.172,23.567999999999994,117.004,140.57200000000003
2015-03-25,1508.028,142.02399999999997,116.248,258.272
2015-03-26,1521.2409999999998,120.27100000000002,38.513,158.78399999999996
2015-03-27,1499.7010000000002,219.29600000000002,76.24400000000003,295.54
2015-03-28,1274.136,214.583,115.41999999999999,330.00300000000004
2015-03-29,1187.673,521.684,37.867000000000004,559.5509999999999
2015-03-30,1500.454,610.8620000000001,90.40299999999998,701.2650000000001
2015-03-31,1517.4189999999999,624.6740000000002,69.416,694.0899999999999
2015-04-01,1531.9440000000002,571.0569999999999,98.70999999999998,669.7669999999998
2015-04-02,1506.1470000000004,418.505,81.69,500.195
2015-04-03,1174.0949999999998,161.449,140.232,301.681
2015-04-04,1193.2739999999997,88.66000000000001,96.84699999999998,185.50699999999998
2015-04-05,1084.8300000000002,72.33700000000002,151.392,223.729
2015-04-06,1122.7239999999997,76.945,111.57000000000001,188.515
2015-04-07,1464.2859999999996,155.72299999999996,159.794,315.51700000000005
2015-04-08,1476.0700000000002,78.784,125.82400000000001,204.608
2015-04-09,1448.204,24.647000000000006,175.45000000000002,200.097
2015-04-10,1420.4370000000001,44.875,180.74,225.61499999999998
2015-04-11,1230.6030000000003,351.54,112.846,464.38600000000014
2015-04-12,1122.5549999999998,300.331,159.13400000000001,459.46500000000003
2015-04-13,1444.641,334.801,144.95999999999998,479.761
2015-04-14,1463.9750000000001,216.884,168.19,385.074
2015-04-15,1455.6659999999997,290.28,193.76999999999998,484.04999999999995
2015-04-16,1447.2020000000002,137.14399999999998,147.324,284.46799999999996
2015-04-17,1432.894,151.659,104.332,255.99099999999996
2015-04-18,1199.975,84.779,169.882,254.661
2015-04-19,1102.443,51.10400000000001,198.88299999999995,249.98699999999997
2015-04-20,1410.4869999999996,113.38300000000002,205.49600000000004,318.8790000000001
2015-04-21,1432.1990000000003,228.041,206.99000000000004,435.03099999999995
2015-04-22,1423.3980000000001,105.75599999999999,160.09500000000003,265.85099999999994
2015-04-23,1418.2929999999997,52.02099999999999,175.937,227.95799999999994
2015-04-24,1398.64,59.09,199.57000000000002,258.65999999999997
2015-04-25,1201.1740000000002,150.274,94.441,244.71499999999997
2015-04-26,1103.922,67.13600000000001,128.818,195.954
2015-04-27,1447.7820000000002,133.80899999999997,115.396,249.20499999999996
2015-04-28,1467.317,133.987,106.75399999999999,240.74099999999999
2015-04-29,1453.7730000000001,153.28799999999998,188.72,342.00800000000004
2015-04-30,1424.3020000000001,150.687,131.62300000000002,282.31000000000006
2015-05-01,1079.915,63.833999999999996,103.282,167.11599999999996
2015-05-02,1125.9120000000003,40.322,143.598,183.92000000000002
2015-05-03,1101.446,229.809,88.594,318.40299999999996
2015-05-04,1413.223,197.049,138.38399999999996,335.433
2015-05-05,1445.995,380.563,107.21600000000001,487.77900000000005
2015-05-06,1434.754,305.75600000000003,145.29399999999998,451.04999999999995
2015-05-07,1430.15,260.491,162.95700000000002,423.448
2015-05-08,1392.394,52.543000000000006,176.12600000000003,228.66899999999993
2015-05-09,1184.9910000000002,290.011,113.68299999999999,403.69399999999996
2015-05-10,1088.4379999999999,240.72299999999996,181.404,422.12700000000007
2015-05-11,1407.102,165.67600000000002,189.04100000000005,354.7169999999999
2015-05-12,1433.0549999999998,280.1669999999999,161.21899999999997,441.38599999999985
2015-05-13,1395.2379999999998,223.766,177.51,401.2759999999999
2015-05-14,1098.291,77.642,145.41499999999996,223.05699999999993
2015-05-15,1245.49,55.131,145.869,200.99999999999997
2015-05-16,1151.318,193.20999999999995,138.18100000000004,331.391
2015-05-17,1076.9390000000003,227.92200000000003,149.47799999999998,377.3999999999999
2015-05-18,1396.521,156.963,182.09800000000004,339.0610000000001
2015-05-19,1434.1030000000003,241.209,125.10000000000002,366.30899999999997
2015-05-20,1425.217,92.80099999999999,105.49300000000001,198.294
2015-05-21,1423.0810000000001,69.252,140.32,209.57200000000006
2015-05-22,1393.6499999999999,41.41499999999999,176.991,218.40599999999995
2015-05-23,1163.304,70.854,119.79799999999999,190.65199999999996
2015-05-24,1010.009,22.434,143.26999999999995,165.704
2015-05-25,1054.7350000000001,74.07899999999998,113.39800000000001,187.477
2015-05-26,1388.669,147.333,110.496,257.829
2015-05-27,1420.1040000000003,125.289,117.916,243.20500000000004
2015-05-28,1416.905,256.677,165.64900000000003,422.3260000000001
2015-05-29,1391.308,170.035,147.58999999999997,317.62500000000006
2015-05-30,1182.8680000000002,290.9289999999999,140.754,431.68299999999994
2015-05-31,1084.5679999999998,283.656,155.475,439.131
2015-06-01,1394.1449999999998,147.38099999999997,132.072,279.45300000000003
2015-06-02,1437.818,478.51599999999996,154.35200000000003,632.868
2015-06-03,1412.5790000000002,316.33900000000006,177.705,494.04400000000004
2015-06-04,1205.178,56.149,218.299,274.448
2015-06-05,1320.672,156.82199999999997,216.42399999999998,373.24600000000004
2015-06-06,1174.111,184.088,181.009,365.097
2015-06-07,1070.875,109.24299999999998,186.591,295.83400000000006
2015-06-08,1395.4669999999999,160.10700000000003,119.035,279.142
2015-06-09,1418.8209999999997,106.815,97.876,204.691
2015-06-10,1424.7000000000005,84.706,143.4,228.106
2015-06-11,1420.772,58.75599999999999,172.31999999999996,231.07600000000002
2015-06-12,1411.397,56.41900000000002,199.816,256.23500000000007
2015-06-13,1192.3199999999997,143.809,143.346,287.15500000000003
2015-06-14,1073.904,114.35199999999998,166.14499999999998,280.497
2015-06-15,1393.5539999999999,112.77900000000002,133.09599999999998,245.87500000000003
2015-06-16,1401.419,90.33500000000002,137.91800000000003,228.253
2015-06-17,1402.1989999999996,127.65300000000002,192.863,320.51599999999996
2015-06-18,1419.662,223.96099999999996,87.71200000000002,311.673
2015-06-19,1395.9310000000003,218.656,104.668,323.3240000000001
2015-06-20,1180.5349999999999,135.488,107.56700000000001,243.05499999999998
2015-06-21,1085.1269999999997,80.067,107.638,187.70500000000004
2015-06-22,1409.9750000000001,122.56299999999999,90.98600000000002,213.54899999999998
2015-06-23,1431.5239999999997,207.185,126.521,333.70599999999996
2015-06-24,1431.0969999999998,177.37099999999998,132.832,310.2030000000001
2015-06-25,1417.8649999999998,42.68900000000001,175.95700000000002,218.646
2015-06-26,1394.149,31.867,157.912,189.779
2015-06-27,1175.9119999999998,166.76799999999997,112.50599999999999,279.274
2015-06-28,1064.6420000000003,63.40299999999999,186.14,249.54300000000003
2015-06-29,1398.2829999999997,52.494,182.155,234.64900000000003
2015-06-30,1423.8090000000002,47.230000000000004,207.983,255.213
2015-07-01,1444.9570000000003,158.819,217.82700000000003,376.646
2015-07-02,1470.1999999999998,218.78999999999996,212.962,431.75199999999995
2015-07-03,1439.366,71.633,189.46699999999996,261.1000000000001
2015-07-04,1215.227,82.89299999999999,196.26200000000003,279.15500000000003
2015-07-05,1121.1749999999997,97.52499999999999,174.59299999999996,272.118
2015-07-06,1422.0649999999998,173.29899999999998,190.647,363.946
2015-07-07,1454.9920000000004,120.46899999999998,184.434,304.9030000000001
2015-07-08,1434.461,418.904,127.19800000000001,546.1019999999999
2015-07-09,1415.7099999999998,418.71699999999987,137.69099999999997,556.408
2015-07-10,1380.306,217.787,200.96999999999997,418.757
2015-07-11,1165.9979999999998,50.017999999999994,193.95199999999997,243.97000000000006
2015-07-12,1084.8220000000001,116.87,140.93999999999997,257.81
2015-07-13,1401.8450000000003,112.572,75.68700000000001,188.25900000000001
2015-07-14,1429.539,115.93200000000002,108.586,224.518
2015-07-15,1430.462,50.165,162.62099999999998,212.78599999999997
2015-07-16,1440.1809999999998,42.96,183.513,226.473
2015-07-17,1425.905,187.51299999999998,168.47600000000003,355.9890000000001
2015-07-18,1186.873,150.58100000000002,148.59799999999998,299.1789999999999
2015-07-19,1093.809,147.605,108.78099999999999,256.3859999999999
2015-07-20,1399.2880000000002,116.549,145.53300000000002,262.082
2015-07-21,1449.58,197.342,172.694,370.0359999999999
2015-07-22,1442.967,87.09299999999998,165.59900000000002,252.69199999999998
2015-07-23,1417.126,74.843,132.932,207.77499999999998
2015-07-24,1388.7110000000002,108.88,169.17400000000004,278.05400000000003
2015-07-25,1176.33,461.9720000000001,135.593,597.5649999999999
2015-07-26,1051.8670000000002,241.11800000000002,177.35,418.46799999999996
2015-07-27,1354.4080000000001,290.984,113.897,404.881
2015-07-28,1379.2069999999994,427.335,123.039,550.3740000000001
2015-07-29,1374.8929999999998,405.033,118.725,523.758
2015-07-30,1370.3500000000001,396.1570000000001,151.51100000000002,547.668
2015-07-31,1326.9479999999996,127.66599999999998,188.27299999999997,315.939
2015-08-01,1123.8090000000002,61.181000000000004,157.69799999999998,218.87900000000002
2015-08-02,1038.046,46.869,183.83700000000002,230.706
2015-08-03,1353.9120000000003,127.868,203.41200000000003,331.28000000000003
2015-08-04,1385.4399999999998,162.88699999999997,139.899,302.78600000000006
2015-08-05,1368.478,68.68599999999999,194.80800000000002,263.49399999999997
2015-08-06,1389.7430000000002,94.69,190.6,285.28999999999996
2015-08-07,1363.039,73.113,176.365,249.47799999999995
2015-08-08,1162.867,126.431,157.08399999999997,283.51499999999993
2015-08-09,1071.309,70.336,171.801,242.137
2015-08-10,1364.3639999999998,77.203,149.19,226.39300000000003
2015-08-11,1384.0700000000002,79.87700000000001,166.506,246.38299999999998
2015-08-12,1394.0840000000003,77.83099999999999,154.922,232.753
2015-08-13,1394.573,210.78199999999998,182.845,393.627
2015-08-14,1365.638,188.334,146.49800000000002,334.832
2015-08-15,1143.305,65.667,121.592,187.25900000000001
2015-08-16,1068.273,98.615,56.387,155.00200000000004
2015-08-17,1364.6609999999998,142.498,49.802,192.30000000000007
2015-08-18,1374.6929999999995,104.85600000000004,94.32899999999998,199.185
2015-08-19,1363.8310000000001,33.009,104.52600000000002,137.535
2015-08-20,1367.7,30.543999999999997,123.52999999999999,154.074
2015-08-21,1343.751,55.19399999999999,173.46800000000002,228.66199999999992
2015-08-22,1144.3469999999998,129.76500000000001,186.346,316.11099999999993
2015-08-23,1063.363,289.78600000000006,171.318,461.104
2015-08-24,1386.8990000000001,258.46999999999997,120.085,378.55499999999995
2015-08-25,1400.4839999999997,395.60899999999987,127.304,522.913
2015-08-26,1411.1190000000004,288.87199999999996,180.24400000000003,469.1160000000001
2015-08-27,1423.337,218.99,119.73700000000001,338.727
2015-08-28,1383.029,86.61800000000001,107.129,193.74699999999999
2015-08-29,1164.636,40.84700000000001,172.19399999999996,213.041
2015-08-30,1085.5680000000002,55.97099999999999,162.39500000000004,218.36599999999993
2015-08-31,1418.0650000000005,101.452,166.71800000000002,268.17
2015-09-01,1454.1930000000002,221.322,94.596,315.91799999999995
2015-09-02,1431.186,182.79100000000003,120.10800000000002,302.899
2015-09-03,1424.9130000000002,113.314,91.536,204.85000000000005
2015-09-04,1398.09,240.75799999999998,123.20100000000001,363.959
2015-09-05,1188.41,446.861,95.646,542.507
2015-09-06,1108.4650000000001,481.0819999999999,97.59800000000003,578.6800000000001
2015-09-07,1409.703,147.32600000000002,89.038,236.364
2015-09-08,1434.1840000000002,78.66700000000002,118.003,196.67000000000002
2015-09-09,1426.9299999999996,95.91599999999998,142.309,238.225
2015-09-10,1426.198,152.08700000000002,141.593,293.67999999999995
2015-09-11,1407.6950000000002,142.54100000000003,138.019,280.55999999999995
2015-09-12,1201.7610000000002,148.79499999999996,131.44,280.235
2015-09-13,1113.172,137.882,96.78999999999998,234.67200000000003
2015-09-14,1438.2569999999998,229.019,70.731,299.75
2015-09-15,1458.2459999999999,352.415,95.00299999999999,447.418
2015-09-16,1475.5,319.829,70.32499999999999,390.15400000000005
2015-09-17,1478.1129999999998,438.0800000000001,76.106,514.1860000000001
2015-09-18,1415.759,180.15100000000004,111.52999999999999,291.681
2015-09-19,1194.287,85.477,105.75699999999999,191.234
2015-09-20,1109.6390000000001,166.83,90.97799999999998,257.80800000000005
2015-09-21,1420.4479999999999,96.52,133.641,230.161
2015-09-22,1461.9889999999996,171.15099999999995,66.47399999999999,237.62500000000003
2015-09-23,1466.2,79.286,64.206,143.49199999999996
2015-09-24,1456.2100000000003,195.38199999999998,99.773,295.1550000000001
2015-09-25,1427.929,77.128,104.58899999999998,181.71700000000007
2015-09-26,1212.7610000000002,68.06299999999999,94.86000000000001,162.923
2015-09-27,1121.202,91.51900000000002,130.186,221.705
2015-09-28,1431.7289999999998,90.68,130.787,221.467
2015-09-29,1459.78,163.317,142.00099999999998,305.31800000000004
2015-09-30,1458.9140000000002,142.645,159.76899999999998,302.41399999999993
2015-10-01,1425.006,102.329,169.80900000000003,272.138
2015-10-02,1391.05,81.22900000000001,160.641,241.87000000000003
2015-10-03,1103.1129999999998,58.12900000000001,134.11300000000003,192.24200000000002
2015-10-04,1096.6090000000002,54.97600000000001,71.88000000000001,126.85600000000002
2015-10-05,1411.5360000000005,140.70300000000003,101.552,242.255
2015-10-06,1472.8390000000002,289.12199999999996,56.15700000000001,345.2789999999999
2015-10-07,1482.683,196.138,37.459,233.597
2015-10-08,1476.6840000000002,50.85999999999999,44.709,95.56900000000002
2015-10-09,1434.1289999999997,50.77,60.43699999999999,111.20700000000004
2015-10-10,1214.9739999999997,198.301,72.662,270.963
2015-10-11,1126.6439999999998,324.805,111.136,435.941
2015-10-12,1445.2069999999997,215.95800000000003,119.87,335.828
2015-10-13,1511.174,127.045,44.312000000000005,171.35699999999997
2015-10-14,1541.5169999999996,131.671,22.929,154.6
2015-10-15,1543.672,174.99800000000005,13.684999999999999,188.68300000000005
2015-10-16,1508.6350000000002,85.50999999999999,16.652999999999995,102.16300000000001
2015-10-17,1271.6779999999997,25.188,30.160999999999998,55.34900000000001
2015-10-18,1179.09,31.859999999999996,29.226,61.086
2015-10-19,1492.3269999999998,20.771,37.181000000000004,57.952000000000005
2015-10-20,1515.9689999999998,28.515000000000004,35.2,63.715
2015-10-21,1511.232,129.95,42.151,172.10099999999997
2015-10-22,1514.531,262.632,36.773,299.405
2015-10-23,1464.9549999999997,169.68699999999998,62.1,231.78699999999998
2015-10-24,1245.4040000000002,141.877,65.28599999999999,207.163
2015-10-25,1166.5499999999997,107.51299999999999,40.376999999999995,147.89000000000001
2015-10-26,1460.365,142.08900000000003,77.655,219.74400000000003
2015-10-27,1501.4819999999997,162.71399999999997,64.449,227.16299999999998
2015-10-28,1513.6390000000001,162.39000000000001,50.586000000000006,212.976
2015-10-29,1505.791,30.978,30.314000000000004,61.29200000000001
2015-10-30,1482.9890000000005,91.14099999999999,34.647,125.788
2015-10-31,1237.624,188.01,72.03099999999999,260.041
2015-11-01,1163.587,77.939,87.09499999999998,165.034
2015-11-02,1487.2939999999999,36.538000000000004,80.938,117.476
2015-11-03,1524.191,27.695,79.488,107.18299999999999
2015-11-04,1523.905,88.244,60.406,148.65
2015-11-05,1505.1570000000002,104.74300000000001,67.52700000000002,172.27
2015-11-06,1479.034,217.747,40.38199999999999,258.129
2015-11-07,1269.5240000000001,350.353,28.779999999999998,379.13300000000004
2015-11-08,1162.261,317.087,68.16199999999999,385.2490000000001
2015-11-09,1496.9310000000005,578.6919999999999,33.549,612.241
2015-11-10,1533.091,586.7679999999999,33.653,620.421
2015-11-11,1521.9320000000002,385.009,44.772999999999996,429.7819999999999
2015-11-12,1518.605,283.66299999999995,47.09,330.75300000000004
2015-11-13,1512.112,468.868,36.626999999999995,505.49500000000006
2015-11-14,1298.1319999999998,575.8399999999999,41.392,617.232
2015-11-15,1203.657,530.7900000000001,21.279,552.0690000000001
2015-11-16,1504.1119999999999,433.9,45.787,479.687
2015-11-17,1542.2819999999997,493.61799999999994,15.270000000000001,508.8879999999999
2015-11-18,1533.1249999999998,689.13,42.714999999999996,731.8449999999999
2015-11-19,1550.1950000000002,654.2799999999999,30.482,684.762
2015-11-20,1531.888,304.53700000000003,12.020999999999999,316.558
2015-11-21,1312.858,195.65000000000003,28.132,223.78200000000004
2015-11-22,1241.689,295.0419999999999,22.313000000000002,317.35499999999996
2015-11-23,1563.4449999999997,155.925,26.796000000000003,182.721
2015-11-24,1616.7699999999995,408.15200000000004,37.327999999999996,445.48
2015-11-25,1613.4079999999997,175.26699999999997,11.463000000000001,186.72999999999993
2015-11-26,1596.0149999999999,97.36200000000001,23.364,120.72600000000001
2015-11-27,1573.0739999999998,248.985,32.104,281.08899999999994
2015-11-28,1364.086,494.2050000000001,17.984999999999996,512.1899999999999
2015-11-29,1267.0620000000001,696.6370000000002,7.67,704.3070000000001
2015-11-30,1571.189,597.162,11.928999999999998,609.091
2015-12-01,1588.0210000000002,402.6950000000001,14.229000000000001,416.9240000000001
2015-12-02,1585.3080000000002,344.001,11.218,355.219
2015-12-03,1577.457,279.5230000000001,32.059999999999995,311.58299999999997
2015-12-04,1570.3180000000002,509.941,18.361,528.3019999999999
2015-12-05,1337.095,584.7270000000001,37.127,621.854
2015-12-06,1232.0729999999999,589.6269999999998,39.065,628.6919999999998
2015-12-07,1536.2510000000004,115.882,37.846999999999994,153.729
2015-12-08,1572.7400000000002,216.441,42.705,259.14599999999996
2015-12-09,1586.3929999999998,279.995,21.605999999999998,301.601
2015-12-10,1596.593,383.741,38.635000000000005,422.376
2015-12-11,1578.2199999999998,519.489,21.611000000000004,541.1
2015-12-12,1334.3760000000004,422.25099999999986,25.051,447.3019999999999
2015-12-13,1242.101,288.09499999999997,23.287000000000003,311.38199999999995
2015-12-14,1554.9470000000001,110.012,27.409000000000002,137.421
2015-12-15,1567.8999999999999,81.591,18.892000000000003,100.48299999999999
2015-12-16,1562.404,253.00699999999998,11.903,264.90999999999997
2015-12-17,1512.0950000000003,348.14500000000004,14.895,363.04
2015-12-18,1462.4430000000002,328.025,13.02,341.04499999999996
2015-12-19,1255.0729999999999,315.38599999999997,28.491,343.877
2015-12-20,1165.1589999999999,370.892,31.769,402.661
2015-12-21,1396.4540000000004,583.3849999999999,13.837,597.2219999999999
2015-12-22,1379.0310000000002,636.047,26.536999999999995,662.5839999999998
2015-12-23,1312.974,552.049,28.188999999999997,580.238
2015-12-24,1121.944,450.48400000000004,36.87,487.3539999999999
2015-12-25,1047.2769999999998,420.504,32.053000000000004,452.55700000000013
2015-12-26,1049.3490000000002,608.3749999999999,43.837999999999994,652.2129999999999
2015-12-27,1068.214,440.394,38.62499999999999,479.01900000000006
2015-12-28,1219.075,206.191,41.696000000000005,247.887
2015-12-29,1233.6600000000003,305.635,32.62499999999999,338.26000000000005
2015-12-30,1238.863,365.17599999999993,27.27,392.4459999999999
2015-12-31,1158.103,358.33000000000004,20.226,378.5560000000001
2016-01-01,1060.3660000000002,107.20900000000002,18.563,125.772
2016-01-02,1192.6979999999999,409.6219999999999,9.405999999999999,419.0279999999999
2016-01-03,1179.282,406.296,13.518999999999998,419.815
2016-01-04,1456.294,278.46,10.079999999999998,288.53999999999996
2016-01-05,1506.7369999999999,206.46799999999993,12.549,219.01699999999997
2016-01-06,1454.685,156.044,12.595,168.63899999999998
2016-01-07,1540.3040000000005,313.603,14.638,328.241
2016-01-08,1515.8400000000001,460.8759999999999,40.969,501.8449999999999
2016-01-09,1311.996,205.629,23.891,229.51999999999998
2016-01-10,1217.9850000000001,344.477,18.9,363.377
2016-01-11,1543.692,199.87599999999998,10.177999999999999,210.05399999999997
2016-01-12,1574.0579999999998,309.153,15.134,324.28700000000003
2016-01-13,1595.1809999999998,340.7990000000001,12.165000000000003,352.96400000000006
2016-01-14,1594.6,236.936,44.550000000000004,281.48600000000005
2016-01-15,1589.3799999999999,150.572,8.69,159.262
2016-01-16,1376.513,141.73299999999998,8.774000000000001,150.50699999999998
2016-01-17,1288.699,103.34899999999999,8.734,112.083
2016-01-18,1629.9109999999998,89.96900000000001,19.421,109.39
2016-01-19,1672.3200000000002,169.572,20.782,190.35399999999998
2016-01-20,1661.6459999999995,114.69199999999998,14.239000000000003,128.93099999999998
2016-01-21,1657.0489999999998,47.231999999999985,19.335,66.567
2016-01-22,1653.635,206.777,35.197,241.974
2016-01-23,1400.2919999999997,279.83900000000006,10.634,290.473
2016-01-24,1274.6289999999997,256.69500000000005,17.41,274.1050000000001
2016-01-25,1556.816,306.528,33.782000000000004,340.31000000000006
2016-01-26,1570.8840000000002,484.66600000000005,41.686,526.352
2016-01-27,1574.4270000000004,659.5629999999999,24.514000000000006,684.0769999999999
2016-01-28,1559.9099999999999,463.767,36.615,500.382
2016-01-29,1545.3180000000004,650.3449999999999,49.519000000000005,699.8639999999999
2016-01-30,1339.3189999999997,673.8139999999999,27.901999999999997,701.7159999999999
2016-01-31,1233.7140000000002,490.027,19.957,509.984
2016-02-01,1533.857,567.769,14.782999999999998,582.552
2016-02-02,1565.4930000000002,695.8209999999999,25.387,721.2079999999999
2016-02-03,1583.04,534.9709999999999,30.858999999999998,565.8299999999999
2016-02-04,1588.9789999999998,364.40900000000005,15.193999999999999,379.603
2016-02-05,1545.368,270.007,22.660999999999998,292.66799999999995
2016-02-06,1293.588,412.12699999999995,60.22500000000001,472.3520000000001
2016-02-07,1209.6170000000002,515.967,38.07399999999999,554.0409999999999
2016-02-08,1498.211,751.656,32.279999999999994,783.9359999999999
2016-02-09,1550.3489999999997,614.3670000000002,22.971,637.3380000000001
2016-02-10,1578.526,402.85900000000004,28.641000000000005,431.50000000000006
2016-02-11,1562.2139999999997,321.21900000000005,44.046,365.265
2016-02-12,1541.9449999999997,84.49300000000001,66.405,150.898
2016-02-13,1331.757,169.92400000000004,49.373000000000005,219.29699999999997
2016-02-14,1228.4040000000002,280.404,26.91,307.314
2016-02-15,1565.899,213.62000000000003,23.473,237.09300000000005
2016-02-16,1596.2590000000002,77.66400000000002,47.47299999999999,125.13699999999997
2016-02-17,1611.7289999999998,197.773,44.22199999999999,241.995
2016-02-18,1584.1799999999998,81.678,63.591,145.26900000000003
2016-02-19,1575.6789999999999,124.38999999999999,35.428000000000004,159.818
2016-02-20,1366.934,607.0820000000001,17.518000000000004,624.6
2016-02-21,1229.811,640.2540000000001,22.523,662.777
2016-02-22,1534.638,538.0759999999999,50.117,588.193
2016-02-23,1575.7980000000002,293.991,37.724000000000004,331.715
2016-02-24,1578.5729999999999,251.74400000000006,74.17699999999999,325.92100000000005
2016-02-25,1581.2199999999998,165.28900000000002,60.597,225.88599999999997
2016-02-26,1543.5530000000003,88.15400000000002,77.85900000000001,166.013
2016-02-27,1314.531,114.991,110.02499999999999,225.01599999999996
2016-02-28,1221.887,187.64499999999998,71.20200000000001,258.84700000000004
2016-02-29,1544.1100000000001,245.94999999999993,43.41599999999999,289.36600000000004
2016-03-01,1581.8220000000003,247.365,47.933,295.298
2016-03-02,1573.2110000000002,359.87700000000007,33.769000000000005,393.646
2016-03-03,1562.3730000000003,105.489,52.006,157.495
2016-03-04,1548.866,282.382,74.041,356.42299999999994
2016-03-05,1317.666,84.15099999999998,41.606,125.75699999999998
2016-03-06,1223.3599999999997,121.34399999999997,49.204,170.548
2016-03-07,1531.428,58.417,72.46000000000001,130.877
2016-03-08,1574.8370000000002,73.723,75.801,149.524
2016-03-09,1563.842,242.09999999999994,119.006,361.106
2016-03-10,1546.814,126.091,96.694,222.78500000000003
2016-03-11,1531.6200000000003,93.16000000000001,68.22500000000001,161.385
2016-03-12,1320.8990000000001,88.706,62.817,151.52299999999997
2016-03-13,1217.183,136.273,61.354,197.62699999999998
2016-03-14,1511.613,92.64,132.422,225.062
2016-03-15,1568.0540000000003,158.489,35.241,193.73000000000002
2016-03-16,1560.626,259.235,108.36599999999999,367.601
2016-03-17,1530.473,82.66499999999999,157.923,240.58800000000002
2016-03-18,1518.48,134.001,111.76599999999999,245.76699999999997
2016-03-19,1313.651,128.62900000000002,74.603,203.23200000000003
2016-03-20,1210.4520000000002,280.151,63.35999999999999,343.511
2016-03-21,1518.7239999999997,317.208,62.18,379.388
2016-03-22,1534.757,175.30900000000003,69.93400000000001,245.24300000000005
2016-03-23,1527.4989999999998,139.66700000000003,62.735,202.40200000000002
2016-03-24,1491.3160000000003,78.905,72.098,151.00300000000001
2016-03-25,1200.708,179.416,34.32599999999999,213.742
2016-03-26,1175.7890000000002,245.276,126.35900000000002,371.635
2016-03-27,1078.086,417.86300000000006,88.52400000000002,506.387
2016-03-28,1114.596,496.78000000000003,93.275,590.0550000000001
2016-03-29,1442.3559999999998,412.702,106.981,519.683
2016-03-30,1491.4979999999998,296.894,69.887,366.78099999999995
2016-03-31,1482.2049999999997,115.269,89.28099999999999,204.54999999999995
2016-04-01,1451.858,96.54999999999998,105.43399999999998,201.98399999999998
2016-04-02,1218.446,175.06199999999998,141.47600000000003,316.53799999999995
2016-04-03,1107.6130000000003,103.749,124.609,228.35799999999995
2016-04-04,1418.2469999999998,138.27499999999998,114.35199999999998,252.62699999999998
2016-04-05,1453.871,144.458,97.348,241.806
2016-04-06,1466.7279999999998,414.33700000000005,111.12300000000002,525.4599999999999
2016-04-07,1472.789,345.7989999999999,95.247,441.046
2016-04-08,1440.0430000000001,88.271,112.624,200.895
2016-04-09,1206.6360000000002,76.923,114.946,191.869
2016-04-10,1106.4569999999999,155.992,128.07500000000002,284.067
2016-04-11,1412.149,228.26400000000004,159.55200000000002,387.816
2016-04-12,1446.9250000000002,96.34400000000002,125.51900000000002,221.86300000000003
2016-04-13,1458.691,48.092000000000006,105.10600000000001,153.198
2016-04-14,1447.3529999999998,57.07299999999999,125.473,182.54599999999996
2016-04-15,1429.3230000000003,216.46999999999997,77.301,293.77099999999996
2016-04-16,1200.1250000000002,321.74,94.12199999999999,415.86199999999997
2016-04-17,1113.5210000000002,190.56599999999995,87.31599999999999,277.88199999999995
2016-04-18,1428.7820000000002,254.759,119.691,374.44999999999993
2016-04-19,1452.976,395.76499999999993,127.56200000000001,523.327
2016-04-20,1438.061,181.41700000000003,191.526,372.9430000000001
2016-04-21,1433.1419999999998,101.87899999999999,208.64700000000002,310.5259999999999
2016-04-22,1410.0830000000003,149.51500000000001,171.50000000000003,321.015
2016-04-23,1208.184,197.282,89.69399999999999,286.97600000000006
2016-04-24,1126.023,174.225,136.642,310.867
2016-04-25,1456.44,258.048,119.73599999999999,377.78400000000005
2016-04-26,1493.585,270.621,96.57,367.19099999999986
2016-04-27,1507.164,390.80299999999994,106.074,496.877
2016-04-28,1483.175,184.04800000000003,146.86599999999999,330.91400000000004
2016-04-29,1451.057,303.943,161.03099999999998,464.97399999999993
2016-04-30,1205.8689999999995,150.23399999999998,156.37400000000002,306.60800000000006
2016-05-01,1078.602,179.87,147.93099999999995,327.801
2016-05-02,1405.185,81.86800000000001,197.18300000000005,279.0510000000001
2016-05-03,1462.935,208.678,139.15099999999998,347.82899999999995
2016-05-04,1430.136,84.96100000000001,174.185,259.146
2016-05-05,1111.379,150.624,212.71300000000002,363.337
2016-05-06,1254.0510000000002,255.57399999999998,217.56900000000005,473.14300000000003
2016-05-07,1149.938,315.36199999999997,215.963,531.325
2016-05-08,1072.6530000000002,390.5570000000001,217.819,608.376
2016-05-09,1403.8449999999998,360.421,207.427,567.8479999999998
2016-05-10,1431.813,258.663,157.70999999999998,416.3729999999999
2016-05-11,1441.7169999999999,304.4360000000001,180.639,485.07500000000005
2016-05-12,1444.3239999999998,319.67799999999994,129.861,449.539
2016-05-13,1405.332,216.93599999999998,135.92600000000002,352.8620000000001
2016-05-14,1168.6180000000004,387.183,132.009,519.192
2016-05-15,1048.2150000000001,391.68699999999995,130.93499999999997,522.6219999999998
2016-05-16,1080.327,264.281,115.66000000000001,379.9410000000001
2016-05-17,1406.559,193.38000000000002,113.15599999999999,306.536
2016-05-18,1432.7720000000002,88.94900000000001,151.707,240.65599999999998
2016-05-19,1436.909,60.077999999999996,119.795,179.87300000000002
2016-05-20,1415.619,179.2,144.39700000000002,323.59699999999987
2016-05-21,1175.5669999999998,133.51700000000002,186.83900000000003,320.356
2016-05-22,1099.1520000000003,217.76799999999997,185.44399999999996,403.21199999999993
2016-05-23,1430.6350000000004,179.097,83.88600000000001,262.983
2016-05-24,1454.0069999999998,179.90800000000002,57.672000000000004,237.57999999999996
2016-05-25,1426.676,27.068,100.66100000000002,127.72899999999998
2016-05-26,1221.0959999999998,21.699999999999996,169.09799999999996,190.798
2016-05-27,1313.7099999999998,37.27099999999999,143.397,180.66800000000006
2016-05-28,1169.531,85.46800000000002,160.59300000000002,246.061
2016-05-29,1096.905,163.10300000000004,124.929,288.032
2016-05-30,1423.5739999999998,246.019,121.137,367.156
2016-05-31,1435.085,106.179,141.40599999999998,247.585
2016-06-01,1431.441,174.74,99.11399999999999,273.854
2016-06-02,1421.839,108.36299999999999,120.895,229.258
2016-06-03,1394.2730000000001,102.326,143.213,245.539
2016-06-04,1170.0510000000004,54.24799999999999,173.422,227.67
2016-06-05,1076.4399999999998,51.03000000000001,176.637,227.66699999999997
2016-06-06,1393.733,69.562,217.347,286.90900000000005
2016-06-07,1419.2320000000002,48.538999999999994,214.92700000000002,263.466
2016-06-08,1420.1980000000003,162.731,160.18699999999998,322.918
2016-06-09,1405.9740000000002,100.74799999999999,155.237,255.98499999999996
2016-06-10,1371.476,141.588,220.844,362.4320000000001
2016-06-11,1156.4510000000002,43.853,134.774,178.62699999999992
2016-06-12,1080.805,85.06299999999997,120.363,205.42600000000004
2016-06-13,1390.9360000000006,105.64700000000003,116.44200000000001,222.089
2016-06-14,1413.1969999999997,66.55900000000001,135.00400000000002,201.563
2016-06-15,1408.3120000000001,52.425000000000004,142.13299999999998,194.55799999999996
2016-06-16,1405.9080000000001,31.063000000000002,136.23099999999997,167.29399999999998
2016-06-17,1382.5770000000002,161.169,117.88199999999999,279.05100000000004
2016-06-18,1162.117,141.464,166.88499999999996,308.349
2016-06-19,1066.99,87.349,138.538,225.887
2016-06-20,1377.7949999999998,225.61100000000002,185.492,411.103
2016-06-21,1408.899,95.57499999999999,131.177,226.752
2016-06-22,1426.195,54.656,185.63500000000002,240.291
2016-06-23,1446.406,149.945,229.71399999999997,379.65899999999993
2016-06-24,1427.8890000000004,100.46000000000001,198.067,298.527
2016-06-25,1195.55,131.554,134.967,266.521
2016-06-26,1071.035,167.57299999999995,160.40700000000004,327.9800000000001
2016-06-27,1389.2530000000002,173.928,168.835,342.76300000000003
2016-06-28,1415.0819999999999,95.77499999999998,177.457,273.23199999999997
2016-06-29,1422.497,233.87099999999998,181.63499999999996,415.50600000000003
2016-06-30,1420.479,151.654,123.37799999999999,275.032
2016-07-01,1397.5729999999999,252.98600000000002,167.25000000000003,420.236
2016-07-02,1173.694,267.166,105.32899999999998,372.495
2016-07-03,1064.1180000000002,184.803,161.292,346.0950000000001
2016-07-04,1375.6119999999996,55.84799999999999,183.524,239.37199999999996
2016-07-05,1416.8410000000003,337.07500000000005,166.21300000000002,503.288
2016-07-06,1413.5970000000002,430.53,182.11700000000002,612.6469999999999
2016-07-07,1400.1619999999998,112.99299999999998,217.73600000000002,330.7290000000001
2016-07-08,1393.535,230.053,170.852,400.9050000000001
2016-07-09,1167.211,202.26699999999997,180.61,382.8770000000001
2016-07-10,1088.476,189.08400000000003,213.02399999999994,402.10799999999995
2016-07-11,1408.131,330.19700000000006,167.829,498.02600000000007
2016-07-12,1418.663,149.814,118.051,267.865
2016-07-13,1392.8839999999998,66.368,123.384,189.75199999999998
2016-07-14,1395.8550000000005,304.15,117.36099999999999,421.51099999999997
2016-07-15,1362.975,287.953,129.00400000000002,416.957
2016-07-16,1142.2480000000003,126.345,157.543,283.88800000000003
2016-07-17,1065.412,105.56300000000002,140.82100000000003,246.38400000000004
2016-07-18,1371.539,103.14899999999999,185.383,288.5319999999999
2016-07-19,1399.1629999999998,43.356,208.40399999999994,251.75999999999996
2016-07-20,1419.223,139.19199999999998,221.746,360.9380000000001
2016-07-21,1419.3189999999997,82.85000000000002,139.663,222.51300000000003
2016-07-22,1386.894,68.983,172.88300000000004,241.866
2016-07-23,1167.1480000000001,39.23,138.54399999999998,177.77400000000003
2016-07-24,1076.257,17.042,164.82100000000003,181.86300000000003
2016-07-25,1382.122,45.95700000000001,159.209,205.16599999999997
2016-07-26,1401.714,39.085,151.243,190.32800000000003
2016-07-27,1396.6149999999998,86.50899999999997,144.98,231.48899999999998
2016-07-28,1383.221,48.287000000000006,143.428,191.715
2016-07-29,1351.6609999999998,125.464,149.903,275.367
2016-07-30,1142.74,108.95299999999999,163.95400000000004,272.90700000000004
2016-07-31,1054.524,70.32999999999998,96.64,166.97
2016-08-01,1321.9400000000005,136.10799999999998,171.73599999999996,307.84399999999994
2016-08-02,1356.852,91.28499999999998,82.123,173.408
2016-08-03,1382.4480000000003,275.57499999999993,101.858,377.43300000000005
2016-08-04,1376.7549999999999,237.70600000000002,136.499,374.2050000000001
2016-08-05,1333.8470000000002,136.095,104.52,240.61499999999998
2016-08-06,1126.2380000000003,162.146,141.83700000000002,303.98300000000006
2016-08-07,1038.1779999999999,219.447,198.06500000000003,417.51199999999994
2016-08-08,1339.9519999999995,350.032,172.57600000000002,522.6080000000001
2016-08-09,1348.4029999999998,191.31500000000005,110.44499999999998,301.75999999999993
2016-08-10,1342.6689999999999,178.86099999999996,127.48400000000001,306.345
2016-08-11,1336.4730000000004,193.68099999999995,145.30399999999997,338.98500000000007
2016-08-12,1332.298,190.515,63.616,254.13100000000003
2016-08-13,1134.686,263.6280000000001,175.705,439.333
2016-08-14,1036.969,98.41399999999999,166.92600000000002,265.34000000000003
2016-08-15,1286.423,64.96699999999998,173.78400000000002,238.75100000000003
2016-08-16,1346.943,63.30799999999999,183.882,247.19
2016-08-17,1342.218,45.539,188.33300000000003,233.872
2016-08-18,1354.9949999999997,47.811,161.67900000000003,209.48999999999998
2016-08-19,1341.0120000000002,50.566,166.27400000000003,216.84000000000003
2016-08-20,1143.5340000000003,147.60700000000003,110.18500000000002,257.79200000000003
2016-08-21,1042.629,246.75899999999996,125.98700000000001,372.746
2016-08-22,1357.5179999999998,179.294,125.14500000000002,304.43899999999996
2016-08-23,1389.3649999999998,59.53100000000001,172.384,231.915
2016-08-24,1405.5739999999998,120.30199999999999,197.83999999999997,318.142
2016-08-25,1414.684,180.96099999999998,199.404,380.365
2016-08-26,1399.2990000000002,126.57300000000001,191.31199999999998,317.88500000000005
2016-08-27,1183.501,91.286,185.59500000000003,276.8809999999999
2016-08-28,1095.56,215.476,162.508,377.984
2016-08-29,1401.324,228.76299999999995,109.80900000000001,338.572
2016-08-30,1387.894,86.649,178.617,265.266
2016-08-31,1401.426,62.143000000000015,188.46600000000004,250.609
2016-09-01,1407.5200000000002,77.946,147.092,225.03800000000007
2016-09-02,1382.375,104.55300000000003,164.30900000000003,268.86199999999997
2016-09-03,1156.702,109.43799999999997,136.41599999999997,245.85399999999998
2016-09-04,1091.754,272.30999999999995,77.08700000000002,349.39699999999993
2016-09-05,1384.297,137.31400000000002,92.802,230.11599999999999
2016-09-06,1398.7539999999997,51.471000000000004,160.063,211.53400000000002
2016-09-07,1405.1160000000002,78.32900000000001,178.62,256.94899999999996
2016-09-08,1420.9589999999998,114.339,177.86099999999996,292.19999999999993
2016-09-09,1392.97,62.264,154.78900000000002,217.053
2016-09-10,1173.301,59.95100000000001,162.47199999999998,222.42299999999997
2016-09-11,1088.362,71.635,146.761,218.39600000000002
2016-09-12,1409.9869999999996,90.561,164.97600000000003,255.53699999999995
2016-09-13,1446.824,161.695,163.84299999999996,325.538
2016-09-14,1442.3319999999999,226.501,161.426,387.927
2016-09-15,1436.4209999999998,263.849,153.03799999999998,416.8869999999999
2016-09-16,1397.158,87.37299999999999,99.22099999999999,186.59400000000005
2016-09-17,1179.558,182.262,49.46699999999999,231.729
2016-09-18,1087.556,186.179,64.64999999999999,250.82900000000004
2016-09-19,1389.5240000000001,55.54800000000001,60.986000000000004,116.53399999999999
2016-09-20,1410.4470000000001,24.112000000000002,79.26799999999999,103.38000000000001
2016-09-21,1407.202,38.319,130.4,168.71900000000005
2016-09-22,1401.531,31.321999999999996,146.984,178.306
2016-09-23,1383.836,74.25699999999999,123.533,197.79
2016-09-24,1160.873,91.768,147.248,239.016
2016-09-25,1074.47,176.28000000000003,153.542,329.82199999999995
2016-09-26,1394.2930000000001,51.974999999999994,111.499,163.47400000000002
2016-09-27,1422.983,139.471,123.34700000000001,262.818
2016-09-28,1435.4920000000002,463.103,101.805,564.9079999999999
2016-09-29,1436.7970000000003,514.5169999999999,127.18900000000002,641.7060000000001
2016-09-30,1403.626,223.67299999999994,87.73400000000001,311.4070000000001
2016-10-01,1175.987,111.097,65.25800000000001,176.35500000000002
2016-10-02,1081.6829999999998,183.43400000000003,69.52599999999998,252.96
2016-10-03,1105.1950000000002,193.54000000000002,66.70200000000001,260.242
2016-10-04,1422.066,363.248,77.26799999999999,440.516
2016-10-05,1455.863,375.07800000000003,108.76000000000002,483.8380000000001
2016-10-06,1489.8080000000002,336.55300000000005,28.993000000000006,365.546
2016-10-07,1452.49,147.23299999999995,43.97,191.20299999999997
2016-10-08,1233.1539999999998,136.66400000000002,56.455,193.11900000000006
2016-10-09,1143.149,64.24700000000001,68.378,132.62499999999997
2016-10-10,1456.0390000000004,35.629999999999995,64.50399999999999,100.13400000000001
2016-10-11,1494.2240000000004,178.161,48.841,227.002
2016-10-12,1495.9560000000001,197.45799999999997,47.867999999999995,245.326
2016-10-13,1503.571,331.642,53.251,384.89300000000003
2016-10-14,1477.9530000000002,419.2180000000001,69.783,489.0010000000001
2016-10-15,1243.613,210.10000000000002,55.67900000000001,265.77900000000005
2016-10-16,1136.2669999999998,125.35600000000001,97.233,222.58900000000003
2016-10-17,1461.4140000000002,132.59000000000003,46.779,179.36900000000003
2016-10-18,1489.6219999999998,164.324,42.428000000000004,206.752
2016-10-19,1503.5650000000003,204.84699999999998,38.16999999999999,243.017
2016-10-20,1506.2040000000002,144.763,38.41,183.173
2016-10-21,1479.348,123.034,28.979000000000003,152.013
2016-10-22,1247.0900000000001,74.70800000000001,42.324000000000005,117.032
2016-10-23,1154.9979999999998,72.829,60.492000000000004,133.32100000000003
2016-10-24,1482.911,111.54700000000001,34.942,146.48899999999998
2016-10-25,1499.1879999999999,42.55500000000001,24.537000000000003,67.09199999999998
2016-10-26,1495.4409999999998,78.295,35.981,114.27599999999998
2016-10-27,1495.8210000000001,225.14299999999997,46.392,271.5349999999999
2016-10-28,1480.3160000000003,375.774,40.04200000000001,415.816
2016-10-29,1243.5500000000002,273.698,49.989000000000004,323.687
2016-10-30,1141.6240000000003,95.191,65.403,160.594
2016-10-31,1331.536,57.291000000000004,62.064,119.35499999999999
2016-11-01,1301.8729999999998,249.784,54.056000000000004,303.84000000000003
2016-11-02,1519.3880000000001,426.114,39.837999999999994,465.95199999999994
2016-11-03,1532.0500000000002,123.48899999999998,54.629999999999995,178.119
2016-11-04,1509.5370000000003,256.74300000000005,46.150999999999996,302.894
2016-11-05,1299.4080000000001,182.205,18.56,200.76500000000001
2016-11-06,1204.939,201.677,23.127999999999997,224.80500000000004
2016-11-07,1529.1629999999998,163.15,22.874999999999996,186.025
2016-11-08,1571.6290000000001,114.08599999999998,27.040999999999997,141.12699999999998
2016-11-09,1577.031,128.014,37.869,165.883
2016-11-10,1577.6570000000002,131.25199999999998,19.282,150.534
2016-11-11,1568.0430000000001,110.92500000000001,21.116,132.041
2016-11-12,1343.044,118.34199999999998,33.756,152.098
2016-11-13,1252.9719999999998,160.852,44.541999999999994,205.394
2016-11-14,1564.09,268.22999999999996,67.96199999999999,336.19199999999995
2016-11-15,1604.101,383.509,15.411999999999997,398.92100000000005
2016-11-16,1574.0389999999995,389.678,11.126,400.8040000000001
2016-11-17,1564.308,530.966,22.843999999999998,553.8100000000002
2016-11-18,1544.541,630.4669999999999,26.264000000000003,656.7309999999999
2016-11-19,1334.3410000000001,404.577,15.963,420.53999999999996
2016-11-20,1233.9729999999997,653.8360000000001,46.876,700.7120000000001
2016-11-21,1533.0529999999999,392.4690000000001,32.608000000000004,425.07700000000006
2016-11-22,1552.9989999999998,242.99899999999997,26.529,269.528
2016-11-23,1546.1540000000002,87.572,36.896,124.46799999999999
2016-11-24,1565.5870000000002,236.31799999999996,29.136,265.45399999999995
2016-11-25,1544.2169999999999,135.453,28.020999999999997,163.474
2016-11-26,1336.7359999999996,152.083,12.380000000000003,164.463
2016-11-27,1236.9530000000002,280.778,28.533,309.31100000000004
2016-11-28,1573.7210000000005,202.377,62.711,265.0880000000001
2016-11-29,1628.617,225.93499999999995,70.378,296.313
2016-11-30,1638.3389999999997,492.3519999999999,43.081,535.433
2016-12-01,1631.279,673.199,16.612999999999996,689.812
2016-12-02,1585.4499999999998,305.23400000000004,33.942,339.17600000000004
2016-12-03,1371.141,71.49000000000001,56.021,127.51099999999995
2016-12-04,1299.9099999999999,94.521,48.039,142.56
2016-12-05,1614.383,83.789,40.092000000000006,123.88099999999999
2016-12-06,1650.0380000000002,81.145,30.851,111.99600000000001
2016-12-07,1671.1290000000001,326.674,22.855999999999998,349.5299999999999
2016-12-08,1632.362,488.8810000000001,39.196999999999996,528.0780000000001
2016-12-09,1591.4199999999998,426.732,20.610999999999997,447.34299999999996
2016-12-10,1345.308,392.208,40.236999999999995,432.445
2016-12-11,1267.9969999999998,541.689,11.375,553.0640000000001
2016-12-12,1569.869,162.478,15.058000000000002,177.536
2016-12-13,1602.297,105.68300000000002,21.872,127.55500000000002
2016-12-14,1595.2929999999997,61.78799999999998,16.450999999999997,78.239
2016-12-15,1601.397,190.44599999999997,15.773,206.219
2016-12-16,1567.4879999999998,129.076,28.827,157.9029999999999
2016-12-17,1365.5790000000002,95.79700000000001,18.208000000000002,114.00500000000001
2016-12-18,1266.4950000000003,123.343,8.439,131.78199999999998
2016-12-19,1542.018,73.53399999999999,18.000999999999998,91.535
2016-12-20,1572.427,165.17200000000003,26.455000000000002,191.627
2016-12-21,1567.3990000000003,309.568,22.974,332.54200000000003
2016-12-22,1512.6609999999998,257.197,20.109,277.30600000000004
2016-12-23,1415.8109999999997,395.296,16.111,411.4070000000001
2016-12-24,1195.354,681.509,12.843,694.3520000000001
2016-12-25,1117.6729999999998,719.7779999999999,6.608,726.386
2016-12-26,1121.213,718.1600000000001,15.463000000000003,733.623
2016-12-27,1289.3239999999998,640.8950000000001,23.447999999999997,664.3430000000001
2016-12-28,1294.881,214.98999999999995,19.45,234.43999999999994
2016-12-29,1295.897,167.69799999999998,42.910000000000004,210.608
2016-12-30,1291.0440000000003,239.25699999999998,48.546,287.80299999999994
2016-12-31,1212.568,315.06300000000005,34.57999999999999,349.64300000000003
2017-01-01,1130.4130000000002,307.12500000000006,35.291000000000004,342.416
2017-01-02,1441.0520000000001,295.099,12.479000000000001,307.578
2017-01-03,1529.9900000000002,666.1729999999999,9.350999999999999,675.5239999999999
2017-01-04,1553.083,686.5779999999997,12.814,699.3919999999997
2017-01-05,1547.238,261.75800000000004,20.797000000000004,282.555
2017-01-06,1501.795,115.72299999999998,33.341,149.064
2017-01-07,1405.1450000000004,252.30700000000002,8.386999999999999,260.694
2017-01-08,1301.0110000000002,41.260999999999974,4.9910000000000005,46.25199999999999
2017-01-09,1604.348,190.98299999999998,7.070000000000001,198.05299999999997
2017-01-10,1639.046,280.373,13.044999999999998,293.418
2017-01-11,1654.809,637.259,7.379,644.6379999999999
2017-01-12,1620.597,584.792,17.865,602.6570000000002
2017-01-13,1608.8950000000002,518.6179999999999,14.311,532.929
2017-01-14,1392.7359999999999,487.189,16.767,503.9559999999999
2017-01-15,1289.904,229.77,16.104999999999997,245.87499999999994
2017-01-16,1605.4650000000001,69.20899999999999,17.600000000000005,86.809
2017-01-17,1649.1039999999998,79.36299999999999,22.909,102.272
2017-01-18,1669.3949999999998,148.91500000000002,22.709,171.62400000000002
2017-01-19,1667.4770000000003,121.27199999999999,38.191,159.46300000000002
2017-01-20,1641.7370000000003,109.383,39.633,149.01600000000002
2017-01-21,1423.02,78.89300000000003,45.477,124.36999999999999
2017-01-22,1340.3410000000001,50.77400000000001,47.385999999999996,98.16
2017-01-23,1663.492,39.71000000000001,30.939,70.64899999999999
2017-01-24,1682.0020000000002,31.374999999999996,10.299999999999999,41.675000000000004
2017-01-25,1674.171,70.772,17.72,88.49199999999999
2017-01-26,1659.5269999999998,235.128,56.487,291.615
2017-01-27,1629.164,254.27,68.62500000000001,322.8950000000001
2017-01-28,1394.033,208.827,65.964,274.791
2017-01-29,1296.1700000000003,304.952,53.854,358.806
2017-01-30,1605.3560000000002,338.292,18.577,356.86899999999997
2017-01-31,1620.8600000000001,124.78399999999999,12.064,136.848
2017-02-01,1627.9649999999997,221.296,23.817,245.113
2017-02-02,1604.1200000000001,254.391,42.21900000000001,296.61
2017-02-03,1574.5760000000002,188.03800000000004,24.223000000000003,212.26100000000005
2017-02-04,1344.3909999999998,211.453,49.257000000000005,260.71
2017-02-05,1238.8790000000004,118.33199999999998,46.215999999999994,164.548
2017-02-06,1574.502,152.11899999999997,28.575999999999997,180.695
2017-02-07,1621.5740000000003,264.513,29.271000000000004,293.78399999999993
2017-02-08,1625.4149999999997,219.68299999999996,30.996000000000002,250.679
2017-02-09,1637.7399999999998,207.538,45.278000000000006,252.81599999999997
2017-02-10,1622.7850000000003,290.957,33.9,324.85699999999997
2017-02-11,1386.7089999999998,329.651,56.393,386.0439999999999
2017-02-12,1293.212,350.27099999999996,37.667,387.93799999999993
2017-02-13,1597.275,338.18600000000004,89.58200000000001,427.768
2017-02-14,1593.5600000000002,205.089,110.28799999999998,315.377
2017-02-15,1579.4569999999999,98.87900000000002,113.905,212.78399999999996
2017-02-16,1576.0439999999999,282.404,92.428,374.832
2017-02-17,1556.1059999999998,255.288,31.449,286.73699999999997
2017-02-18,1327.2720000000002,160.16299999999998,34.516000000000005,194.679
2017-02-19,1245.9789999999998,348.515,58.42,406.93499999999995
2017-02-20,1563.139,648.8070000000002,31.768,680.575
2017-02-21,1566.9019999999998,580.922,35.746,616.6680000000001
2017-02-22,1584.3429999999998,826.2779999999999,25.278000000000002,851.556
2017-02-23,1561.2349999999997,705.4029999999999,50.721,756.1239999999999
2017-02-24,1539.6029999999998,522.1089999999999,70.53999999999999,592.649
2017-02-25,1319.0749999999996,413.771,97.579,511.34999999999997
2017-02-26,1208.7250000000001,545.141,59.459999999999994,604.6010000000001
2017-02-27,1467.695,558.4050000000001,86.39,644.7950000000001
2017-02-28,1532.536,602.2240000000003,49.10799999999999,651.3320000000002
2017-03-01,1551.41,463.541,55.172000000000004,518.713
2017-03-02,1541.7329999999997,640.792,79.159,719.9510000000001
2017-03-03,1514.1139999999998,323.8790000000001,94.66300000000001,418.54200000000003
2017-03-04,1265.589,253.25400000000008,99.949,353.2029999999999
2017-03-05,1185.541,375.78499999999997,75.046,450.831
2017-03-06,1519.8500000000001,244.779,52.157000000000004,296.93600000000004
2017-03-07,1554.86,98.96300000000001,41.35900000000001,140.32200000000003
2017-03-08,1565.2450000000001,362.636,53.959999999999994,416.596
2017-03-09,1545.0659999999998,348.59499999999997,48.42600000000001,397.021
2017-03-10,1496.8089999999997,301.929,103.546,405.47499999999997
2017-03-11,1265.4160000000002,142.96899999999997,119.26999999999998,262.2389999999999
2017-03-12,1170.7,322.13200000000006,145.741,467.87300000000005
2017-03-13,1478.837,107.99600000000002,135.05100000000002,243.047
2017-03-14,1508.3659999999998,282.164,109.52,391.68399999999997
2017-03-15,1497.831,310.125,113.66099999999999,423.78599999999994
2017-03-16,1485.2069999999999,235.86000000000004,153.45199999999997,389.312
2017-03-17,1477.4999999999995,520.7909999999998,93.963,614.754
2017-03-18,1294.453,666.659,39.690000000000005,706.3489999999999
2017-03-19,1180.593,527.13,36.26,563.39
2017-03-20,1476.082,540.3779999999999,61.80100000000001,602.1790000000001
2017-03-21,1510.116,405.316,70.29400000000001,475.60999999999996
2017-03-22,1511.8419999999999,168.37899999999996,87.60499999999999,255.984
2017-03-23,1498.325,211.12900000000002,95.99700000000001,307.126
2017-03-24,1467.5279999999998,152.37,120.427,272.797
2017-03-25,1234.089,203.03500000000003,168.35999999999996,371.3950000000001
2017-03-26,1126.8689999999997,79.32600000000001,171.806,251.13199999999998
2017-03-27,1429.636,71.21600000000001,191.843,263.0590000000001
2017-03-28,1445.3820000000003,111.19099999999999,185.231,296.42199999999997
2017-03-29,1455.4180000000001,347.697,115.05600000000001,462.753
2017-03-30,1439.1710000000005,213.209,142.403,355.61199999999997
2017-03-31,1402.5849999999998,260.808,169.849,430.6569999999999
2017-04-01,1186.056,82.512,144.80100000000002,227.31300000000002
2017-04-02,1096.921,110.51100000000001,134.67399999999998,245.18500000000003
2017-04-03,1407.9009999999998,58.206999999999994,119.735,177.942
2017-04-04,1426.521,40.669000000000004,121.486,162.15500000000003
2017-04-05,1456.718,333.525,117.913,451.4380000000001
2017-04-06,1463.9059999999997,398.4029999999999,126.85799999999999,525.261
2017-04-07,1450.3220000000001,404.73299999999995,97.87900000000002,502.612
2017-04-08,1202.7530000000002,65.95700000000001,127.61500000000001,193.57199999999995
2017-04-09,1106.1140000000003,96.04599999999999,198.082,294.12800000000004
2017-04-10,1430.915,501.6730000000002,155.882,657.5549999999998
2017-04-11,1451.1629999999998,363.86,135.414,499.274
2017-04-12,1455.273,561.1290000000001,114.22299999999997,675.3520000000001
2017-04-13,1420.099,470.2269999999999,100.21699999999998,570.4440000000001
2017-04-14,1130.2759999999998,261.47400000000005,113.62400000000001,375.09799999999996
2017-04-15,1154.583,537.558,85.44500000000001,623.003
2017-04-16,1048.7069999999999,292.344,101.419,393.763
2017-04-17,1086.456,211.53300000000002,92.95299999999999,304.48599999999993
2017-04-18,1432.3590000000002,288.2600000000001,102.215,390.47499999999997
2017-04-19,1476.37,164.62699999999998,123.41600000000001,288.043
2017-04-20,1472.5990000000002,122.12200000000003,177.03199999999995,299.154
2017-04-21,1458.7380000000003,447.727,148.602,596.3290000000001
2017-04-22,1254.143,545.8969999999999,95.93400000000003,641.831
2017-04-23,1156.9460000000001,393.91299999999995,130.111,524.024
2017-04-24,1448.633,325.098,192.26,517.3580000000001
2017-04-25,1482.6440000000005,241.64700000000002,99.27099999999997,340.918
2017-04-26,1488.591,54.22400000000002,104.559,158.78299999999996
2017-04-27,1485.878,119.39199999999998,111.66300000000001,231.055
2017-04-28,1452.533,94.467,105.07399999999998,199.54099999999994
2017-04-29,1209.53,109.14000000000001,146.74199999999996,255.88199999999995
2017-04-30,1091.0629999999999,435.487,231.643,667.1300000000001
2017-05-01,1103.2250000000001,440.713,119.73800000000001,560.4509999999998
2017-05-02,1452.6689999999996,403.34,91.07000000000002,494.4099999999999
2017-05-03,1471.946,312.202,126.097,438.29900000000004
2017-05-04,1487.176,367.41499999999996,84.35700000000001,451.77199999999993
2017-05-05,1446.1170000000002,147.42800000000003,83.79899999999999,231.22700000000006
2017-05-06,1199.3840000000002,104.874,163.63100000000003,268.505
2017-05-07,1113.1289999999997,102.37700000000001,110.39599999999999,212.77299999999997
2017-05-08,1442.2229999999997,267.93899999999996,63.928,331.867
2017-05-09,1434.6000000000001,77.05199999999999,150.561,227.61299999999997
2017-05-10,1425.5150000000003,107.246,204.90100000000004,312.14700000000005
2017-05-11,1419.3309999999994,199.236,197.324,396.56
2017-05-12,1406.4660000000003,192.3,147.97400000000005,340.274
2017-05-13,1171.8200000000002,77.736,155.42799999999997,233.16399999999996
2017-05-14,1071.069,87.58800000000001,151.41800000000003,239.006
2017-05-15,1387.278,71.279,192.922,264.201
2017-05-16,1421.6640000000004,124.90099999999998,179.56900000000002,304.4700000000002
2017-05-17,1426.8719999999998,187.556,220.50799999999995,408.0640000000001
2017-05-18,1429.989,189.87900000000002,178.86000000000004,368.7390000000001
2017-05-19,1416.083,215.484,122.884,338.36800000000005
2017-05-20,1171.1560000000002,153.79599999999994,171.47899999999998,325.275
2017-05-21,1070.7110000000002,72.355,198.57200000000003,270.92699999999996
2017-05-22,1383.2310000000002,67.128,210.58499999999998,277.713
2017-05-23,1419.738,237.76599999999993,200.25900000000001,438.02500000000003
2017-05-24,1397.888,256.28499999999997,144.80300000000003,401.08799999999997
2017-05-25,1094.1999999999998,150.75099999999998,187.87099999999998,338.622
2017-05-26,1229.7040000000002,88.716,231.035,319.7509999999999
2017-05-27,1140.566,209.174,241.57999999999996,450.754
2017-05-28,1079.39,161.911,216.45099999999994,378.362
2017-05-29,1414.0190000000002,55.641999999999996,208.70600000000005,264.34799999999996
2017-05-30,1450.4110000000003,212.497,166.43099999999998,378.928
2017-05-31,1437.944,304.09999999999997,197.219,501.319
2017-06-01,1407.4610000000002,88.55799999999999,224.98400000000004,313.5419999999999
2017-06-02,1392.3610000000003,50.81599999999999,208.99300000000002,259.809
2017-06-03,1162.876,97.75099999999999,165.084,262.835
2017-06-04,1016.0240000000001,231.53100000000006,121.32100000000001,352.852
2017-06-05,1028.1589999999999,121.55999999999999,162.74300000000002,284.303
2017-06-06,1367.6049999999998,452.61300000000006,126.20900000000002,578.8220000000001
2017-06-07,1401.233,669.2189999999999,165.29300000000003,834.5120000000001
2017-06-08,1388.3650000000002,282.752,191.83999999999997,474.59200000000004
2017-06-09,1380.8860000000002,236.11900000000006,164.40599999999998,400.5249999999999
2017-06-10,1149.6329999999998,89.47400000000002,214.42599999999996,303.8999999999999
2017-06-11,1067.4589999999998,196.269,221.962,418.231
2017-06-12,1393.6380000000001,508.7639999999999,171.729,680.4929999999999
2017-06-13,1400.2130000000002,306.51500000000004,177.201,483.716
2017-06-14,1369.96,67.958,230.83600000000004,298.79400000000004
2017-06-15,1204.597,149.85099999999997,211.22700000000003,361.078
2017-06-16,1302.8170000000002,481.14,165.344,646.4839999999999
2017-06-17,1139.3680000000002,252.582,158.358,410.93999999999994
2017-06-18,1065.075,46.00000000000001,219.18,265.18
2017-06-19,1394.0630000000003,31.186999999999998,237.84099999999998,269.028
2017-06-20,1440.5469999999998,148.46800000000002,218.023,366.49100000000004
2017-06-21,1434.325,53.05499999999999,218.32299999999998,271.37799999999993
2017-06-22,1459.289,272.14099999999996,188.27299999999997,460.414
2017-06-23,1425.3799999999997,427.696,169.41099999999997,597.107
2017-06-24,1184.272,378.218,171.52099999999996,549.7389999999999
2017-06-25,1086.6370000000002,346.37699999999995,121.68700000000001,468.06399999999996
2017-06-26,1399.3,216.41799999999998,191.61200000000002,408.03
2017-06-27,1417.749,97.724,151.238,248.96200000000005
2017-06-28,1431.5,254.201,142.15699999999998,396.35799999999995
2017-06-29,1411.06,193.698,105.58300000000003,299.281
2017-06-30,1383.979,379.31000000000006,150.374,529.684
2017-07-01,1160.7620000000002,326.42499999999995,109.99099999999997,436.41599999999994
2017-07-02,1074.7150000000001,312.884,106.362,419.24600000000004
2017-07-03,1368.5370000000005,274.607,196.60199999999995,471.209
2017-07-04,1393.457,172.131,193.72800000000004,365.8589999999999
2017-07-05,1396.984,33.863,201.44,235.30300000000003
2017-07-06,1408.6789999999996,51.188,217.34600000000006,268.534
2017-07-07,1395.2579999999996,123.19100000000002,173.788,296.97900000000004
2017-07-08,1173.655,132.11500000000004,181.67099999999996,313.786
2017-07-09,1066.2199999999998,49.08400000000001,180.651,229.73500000000004
2017-07-10,1387.9629999999997,85.882,127.007,212.889
2017-07-11,1394.364,172.81899999999996,152.58999999999997,325.409
2017-07-12,1412.2759999999998,353.673,90.65800000000002,444.3310000000001
2017-07-13,1374.5249999999999,183.80700000000002,200.408,384.21500000000003
2017-07-14,1343.5679999999998,85.72900000000001,149.478,235.207
2017-07-15,1124.203,81.75399999999998,154.732,236.486
2017-07-16,1046.128,160.913,152.48000000000002,313.3930000000001
2017-07-17,1350.7450000000001,98.53999999999999,177.55100000000002,276.09099999999995
2017-07-18,1380.639,79.389,216.31300000000002,295.702
2017-07-19,1411.458,234.00700000000003,212.238,446.24499999999995
2017-07-20,1401.05,163.69799999999998,133.95399999999998,297.65200000000004
2017-07-21,1355.297,110.599,204.26400000000004,314.86299999999994
2017-07-22,1151.213,166.01600000000005,161.242,327.25800000000004
2017-07-23,1048.236,207.80200000000002,141.33900000000003,349.1410000000001
2017-07-24,1336.9689999999998,85.82,95.69399999999999,181.514
2017-07-25,1373.2560000000005,289.62,72.04099999999998,361.66100000000006
2017-07-26,1365.2350000000001,248.69299999999996,83.03300000000002,331.72599999999994
2017-07-27,1356.9740000000004,176.04999999999998,104.742,280.792
2017-07-28,1328.1200000000001,287.31100000000004,160.09699999999998,447.40799999999996
2017-07-29,1132.5469999999998,293.623,168.39000000000007,462.013
2017-07-30,1061.415,327.09499999999997,183.22200000000004,510.317
2017-07-31,1333.13,125.19599999999998,183.30700000000002,308.503
2017-08-01,1364.8189999999997,100.08000000000001,159.88899999999995,259.96900000000005
2017-08-02,1365.735,103.49099999999999,165.59099999999998,269.08199999999994
2017-08-03,1389.4450000000002,402.3609999999999,120.16700000000002,522.528
2017-08-04,1349.4230000000002,455.3789999999999,145.63100000000003,601.01
2017-08-05,1130.1339999999998,232.881,148.61099999999996,381.492
2017-08-06,1024.3239999999998,168.42,164.45800000000003,332.878
2017-08-07,1302.0620000000001,123.84300000000002,216.11700000000005,339.96000000000004
2017-08-08,1343.899,247.468,143.742,391.21000000000004
2017-08-09,1342.432,208.82399999999998,169.034,377.858
2017-08-10,1351.4910000000002,100.274,71.16000000000001,171.43400000000003
2017-08-11,1329.0389999999998,108.57700000000003,42.198,150.775
2017-08-12,1121.458,305.90799999999996,80.906,386.814
2017-08-13,1025.07,101.26599999999998,141.15699999999998,242.423
2017-08-14,1305.3410000000003,136.416,201.027,337.44300000000004
2017-08-15,1333.398,182.06399999999996,172.20500000000004,354.269
2017-08-16,1364.0290000000002,68.592,150.677,219.26899999999998
2017-08-17,1377.7450000000001,207.76000000000002,143.193,350.95300000000003
2017-08-18,1362.4799999999998,190.792,125.63900000000001,316.4309999999999
2017-08-19,1130.9819999999997,362.03299999999996,140.368,502.40099999999995
2017-08-20,1042.8090000000002,314.058,156.86800000000002,470.92600000000004
2017-08-21,1347.212,211.871,158.357,370.22800000000007
2017-08-22,1363.1459999999997,87.14399999999999,173.37500000000003,260.519
2017-08-23,1365.414,83.431,199.19299999999998,282.624
2017-08-24,1381.8849999999998,188.63500000000002,146.34100000000004,334.97599999999994
2017-08-25,1363.835,84.581,171.90500000000003,256.48599999999993
2017-08-26,1155.017,51.27700000000001,152.01999999999998,203.29699999999994
2017-08-27,1066.659,130.05499999999998,147.845,277.9
2017-08-28,1369.0980000000002,45.22399999999999,178.631,223.85500000000002
2017-08-29,1409.3669999999997,98.16099999999999,193.58499999999998,291.74600000000004
2017-08-30,1434.052,190.43500000000006,152.12399999999997,342.559
2017-08-31,1417.9736799999998,208.497,70.794,279.29099999999994
2017-09-01,1361.7873499999998,34.233,83.40699999999998,117.63999999999999
2017-09-02,1135.72984,37.373,106.18900000000001,143.56199999999998
2017-09-03,1057.5093200000001,26.179,140.194,166.37300000000002
2017-09-04,1359.36636,81.042,168.12300000000002,249.16500000000002
2017-09-05,1391.7154899999998,107.60400000000001,135.541,243.14500000000004
2017-09-06,1421.76263,409.909,92.002,501.91099999999994
2017-09-07,1406.7650499999997,328.3280000000001,100.497,428.8250000000001
2017-09-08,1407.6817900000003,516.6700000000001,82.39300000000001,599.063
2017-09-09,1187.91825,276.054,63.259,339.313
2017-09-10,1092.1046,307.77399999999994,113.33000000000001,421.10399999999987
2017-09-11,1411.2285800000002,576.2600000000001,102.462,678.722
2017-09-12,1428.50639,460.8080000000001,103.03100000000002,563.8389999999999
2017-09-13,1460.61621,761.7510000000001,76.821,838.572
2017-09-14,1456.4748699999998,633.3580000000001,64.47999999999999,697.8380000000001
2017-09-15,1409.7846999999997,316.34499999999997,120.94,437.28499999999997
2017-09-16,1181.5044699999999,68.90899999999998,99.448,168.35700000000003
2017-09-17,1095.3202100000003,25.43,119.92699999999999,145.35700000000006
2017-09-18,1403.6321399999997,55.376,106.991,162.367
2017-09-19,1429.80947,86.27799999999999,93.989,180.26700000000005
2017-09-20,1442.87787,137.566,85.20700000000001,222.773
2017-09-21,1421.64603,45.209999999999994,123.775,168.98500000000004
2017-09-22,1401.4063299999996,16.478000000000005,113.89100000000002,130.369
2017-09-23,1191.1034499999998,28.878000000000004,117.18600000000002,146.06400000000002
2017-09-24,1115.0728800000002,53.474,88.861,142.33500000000004
2017-09-25,1419.5917099999995,104.59099999999998,91.45299999999999,196.04400000000007
2017-09-26,1445.4060599999998,139.10100000000003,102.23799999999999,241.33900000000003
2017-09-27,1451.00792,144.547,108.03700000000002,252.58399999999997
2017-09-28,1446.4482799999998,132.50700000000003,84.59500000000001,217.102
2017-09-29,1427.92132,177.38899999999998,99.958,277.34700000000004
2017-09-30,1216.86135,198.308,91.066,289.374
2017-10-01,1106.6858699999998,218.24,87.194,305.434
2017-10-02,1327.67473,574.7589999999999,55.344,630.1029999999998
2017-10-03,1176.7697,459.135,79.55299999999998,538.688
2017-10-04,1458.9854999999998,642.753,74.266,717.019
2017-10-05,1480.53577,742.2460000000002,70.28500000000001,812.5310000000001
2017-10-06,1463.70211,580.863,68.36599999999999,649.2290000000002
2017-10-07,1248.2794000000001,646.6359999999999,52.327999999999996,698.9639999999998
2017-10-08,1150.3125,302.8550000000001,61.004,363.8590000000001
2017-10-09,1458.4692200000002,164.778,68.711,233.489
2017-10-10,1489.54663,331.48600000000005,36.63399999999999,368.12000000000006
2017-10-11,1490.0275800000002,521.616,63.037,584.6529999999999
2017-10-12,1492.9361199999998,616.9339999999999,78.487,695.4209999999999
2017-10-13,1463.11905,297.716,91.525,389.241
2017-10-14,1234.9312900000002,293.48199999999997,110.633,404.11499999999995
2017-10-15,1119.08821,224.28000000000003,123.71500000000002,347.995
2017-10-16,1438.0236800000002,251.44100000000003,118.554,369.995
2017-10-17,1464.3259900000003,260.01500000000004,106.55600000000003,366.571
2017-10-18,1460.71347,64.256,98.5,162.75599999999997
2017-10-19,1466.9420799999998,160.674,95.17800000000001,255.852
2017-10-20,1469.6714500000003,351.58299999999997,62.919000000000004,414.5019999999999
2017-10-21,1246.5798599999998,285.421,44.626,330.047
2017-10-22,1164.39959,424.7669999999999,46.08,470.8469999999999
2017-10-23,1483.51188,258.992,30.343,289.33500000000004
2017-10-24,1508.51484,290.4,41.47899999999999,331.879
2017-10-25,1506.14869,454.959,52.361,507.3200000000001
2017-10-26,1493.6810200000002,327.71000000000004,54.839,382.5490000000001
2017-10-27,1480.50323,528.1909999999999,52.37099999999999,580.5619999999999
2017-10-28,1284.26158,819.8180000000001,26.799,846.6170000000001
2017-10-29,1176.9182300000002,720.079,52.222,772.3009999999999
2017-10-30,1345.87389,407.0519999999999,69.881,476.93299999999994
2017-10-31,1204.0857700000001,256.96,56.766999999999996,313.727
2017-11-01,1309.1847799999998,420.4460000000001,37.04600000000001,457.49200000000013
2017-11-02,1474.19484,336.74499999999995,51.50400000000001,388.24899999999997
2017-11-03,1471.1824100000001,115.927,50.761,166.688
2017-11-04,1284.77485,309.38100000000003,57.35800000000001,366.739
2017-11-05,1193.85495,259.37100000000004,25.261000000000003,284.63200000000006
2017-11-06,1505.6717299999996,98.41999999999999,40.29800000000001,138.718
2017-11-07,1545.6394500000001,148.785,27.302000000000007,176.08700000000002
2017-11-08,1547.48171,62.666999999999994,18.332,80.999
2017-11-09,1557.6309099999999,210.48799999999997,15.289,225.777
2017-11-10,1560.41732,627.814,12.786000000000001,640.5999999999999
2017-11-11,1346.4391599999997,530.919,18.163999999999998,549.0829999999999
2017-11-12,1241.51495,235.422,15.732000000000001,251.15399999999994
2017-11-13,1538.83561,205.072,36.997,242.06899999999996
2017-11-14,1577.45348,294.48299999999995,38.772000000000006,333.255
2017-11-15,1562.0336700000003,98.029,25.802,123.83099999999996
2017-11-16,1574.73479,179.491,18.145000000000003,197.636
2017-11-17,1552.2178,204.464,32.919,237.38300000000004
2017-11-18,1369.91888,606.663,18.88,625.543
2017-11-19,1268.00462,721.2379999999999,28.651000000000003,749.8889999999999
2017-11-20,1565.5680500000005,380.28400000000005,14.921999999999999,395.206
2017-11-21,1576.49592,318.59100000000007,11.239999999999998,329.831
2017-11-22,1558.72998,588.2339999999999,46.147,634.3810000000001
2017-11-23,1581.7877,730.7280000000001,42.047,772.7750000000001
2017-11-24,1528.12694,313.086,30.441,343.52700000000004
2017-11-25,1333.1558499999994,238.67000000000002,13.552,252.22199999999998
2017-11-26,1276.0981800000002,599.3300000000002,22.586000000000006,621.916
2017-11-27,1602.1779699999997,743.28,21.982999999999997,765.2630000000001
2017-11-28,1615.3806100000004,514.931,19.658,534.589
2017-11-29,1603.9843499999997,99.65299999999998,24.155,123.80799999999999
2017-11-30,1617.0330899999997,66.389,14.314,80.70299999999997
2017-12-01,1592.96187,52.32299999999999,19.266000000000002,71.589
2017-12-02,1391.85405,126.27400000000002,16.459000000000003,142.73299999999998
2017-12-03,1330.26226,387.4899999999999,12.411000000000001,399.90099999999995
2017-12-04,1620.9775800000002,479.79799999999994,10.747,490.545
2017-12-05,1643.72307,611.488,10.953,622.441
2017-12-06,1639.0826499999998,632.5010000000001,7.617999999999999,640.119
2017-12-07,1628.4797899999996,743.7249999999999,42.994,786.7189999999999
2017-12-08,1618.0565800000004,652.8299999999999,20.504,673.3340000000001
2017-12-09,1415.34531,712.3170000000001,12.344,724.6610000000001
2017-12-10,1318.1096400000001,622.944,9.921999999999999,632.866
2017-12-11,1614.1586200000002,415.10900000000004,5.669,420.778
2017-12-12,1647.36346,590.101,13.250000000000002,603.3510000000001
2017-12-13,1651.90418,721.5400000000001,36.88,758.4200000000001
2017-12-14,1636.54375,666.4379999999999,21.03,687.4679999999998
2017-12-15,1576.93197,176.41800000000003,21.653,198.071
2017-12-16,1382.87708,277.391,15.903999999999998,293.2949999999999
2017-12-17,1297.2191599999996,250.726,12.619999999999997,263.346
2017-12-18,1578.6907899999997,134.84300000000002,15.897,150.73999999999995
2017-12-19,1586.4823,99.09800000000001,8.793000000000001,107.89099999999999
2017-12-20,1559.68569,90.88,8.799,99.679
2017-12-21,1520.3720600000004,259.03899999999993,7.313,266.352
2017-12-22,1423.23782,228.77299999999994,10.065,238.83799999999994
2017-12-23,1272.17085,748.0739999999998,8.450000000000001,756.5239999999999
2017-12-24,1141.7572999999998,812.422,9.949,822.371
2017-12-25,1111.2833799999999,587.8100000000001,15.764999999999999,603.5749999999999
2017-12-26,1130.1168300000002,717.453,30.923000000000002,748.3759999999999
2017-12-27,1263.9409099999996,394.50699999999995,16.53,411.0369999999999
2017-12-28,1299.86398,506.424,14.161999999999999,520.586
2017-12-29,1295.08753,584.277,29.854000000000003,614.1309999999999
2017-12-30,1215.44897,721.2470000000001,7.4670000000000005,728.714
2017-12-31,1107.11488,721.1760000000002,19.979999999999997,741.156
