timestamp,open,high,low,close,volume
2024-06-17 04:00:00,442.6,443.5,442.6,443.5,258
2024-06-17 04:05:00,443.54,443.54,443.43,443.43,948
2024-06-17 04:10:00,443.67,443.67,443.67,443.67,200
2024-06-17 04:15:00,443.5,443.71,443.45,443.71,636
2024-06-17 04:20:00,444.09,444.09,444.03,444.03,243
2024-06-17 04:25:00,443.51,443.51,443.51,443.51,100
2024-06-17 04:30:00,443.51,443.51,443.27,443.27,1118
2024-06-17 04:35:00,443.17,443.4,443.17,443.4,2096
2024-06-17 04:40:00,443.0,443.0,443.0,443.0,134
2024-06-17 04:50:00,443.26,443.26,443.26,443.26,100
2024-06-17 05:30:00,443.71,443.84,443.71,443.84,209
2024-06-17 06:00:00,443.66,443.66,443.66,443.66,100
2024-06-17 06:15:00,443.5,443.5,443.5,443.5,110
2024-06-17 06:20:00,443.3,443.3,443.3,443.3,718
2024-06-17 06:25:00,443.3,443.3,443.13,443.13,1825
2024-06-17 06:40:00,443.4,443.4,443.4,443.4,2000
2024-06-17 06:50:00,443.4,443.4,443.4,443.4,228
2024-06-17 07:00:00,443.35,443.35,442.23,442.9,3235
2024-06-17 07:05:00,442.89,442.89,442.89,442.89,100
2024-06-17 07:20:00,443.15,443.24,443.13,443.24,1118
2024-06-17 07:30:00,443.0,443.0,443.0,443.0,271
2024-06-17 07:35:00,443.01,443.01,442.84,442.84,447
2024-06-17 07:40:00,443.0,443.0,443.0,443.0,200
2024-06-17 07:45:00,442.9,443.05,442.76,442.76,1032
2024-06-17 07:50:00,442.63,442.63,442.63,442.63,234
2024-06-17 08:00:00,443.16,443.26,442.09,442.8,10522
2024-06-17 08:05:00,442.8,442.89,442.7001,442.89,1333
2024-06-17 08:15:00,442.8699,442.8699,442.7,442.7914,2968
2024-06-17 08:20:00,442.77,442.95,442.77,442.95,1936
2024-06-17 08:25:00,442.8119,442.9,442.78,442.8479,3471
2024-06-17 08:30:00,442.75,442.8,442.6,442.6,6091
2024-06-17 08:35:00,442.5,442.6699,442.35,442.35,2496
2024-06-17 08:40:00,442.28,442.49,442.22,442.49,2476
2024-06-17 08:45:00,442.4869,442.49,442.31,442.31,450
2024-06-17 08:50:00,442.3,442.3,442.0,442.2,2633
2024-06-17 08:55:00,442.2,442.39,442.2,442.39,861
2024-06-17 09:00:00,442.49,442.49,442.0,442.0,820
2024-06-17 09:05:00,441.9,442.011,441.85,442.011,1322
2024-06-17 09:10:00,442.0057,442.28,442.0057,442.26,1750
2024-06-17 09:15:00,442.2863,442.2863,441.94,441.95,2996
2024-06-17 09:20:00,441.95,442.463,441.85,442.463,1400
2024-06-17 09:25:00,442.3,442.9,442.15,442.15,10791
2024-06-17 09:30:00,442.585,444.28,441.85,442.62,614775
2024-06-17 09:35:00,442.535,442.968,442.03,442.315,192326
2024-06-17 09:40:00,442.28,443.025,441.4,441.78,206248
2024-06-17 09:45:00,441.785,442.2556,441.43,441.5,160113
2024-06-17 09:50:00,441.52,442.23,441.46,441.765,126345
2024-06-17 09:55:00,441.7775,441.91,440.72,441.81,165098
2024-06-17 10:00:00,441.88,442.74,441.66,442.1999,190452
2024-06-17 10:05:00,442.2,442.73,442.05,442.4955,91499
2024-06-17 10:10:00,442.5255,443.2193,442.5,443.03,121881
2024-06-17 10:15:00,443.03,443.09,442.59,442.84,98487
2024-06-17 10:20:00,442.89,443.44,442.85,443.17,132139
2024-06-17 10:25:00,443.15,443.27,442.5039,442.8385,93455
2024-06-17 10:30:00,442.84,442.87,442.52,442.77,59323
2024-06-17 10:35:00,442.76,443.0,442.67,442.87,57470
2024-06-17 10:40:00,442.84,442.96,442.25,442.71,101942
2024-06-17 10:45:00,442.75,442.8,442.16,442.255,63567
2024-06-17 10:50:00,442.24,442.3,441.7701,442.0,118074
2024-06-17 10:55:00,442.03,442.44,441.88,442.38,106006
2024-06-17 11:00:00,442.39,442.99,442.35,442.91,81016
2024-06-17 11:05:00,442.905,443.32,442.85,443.2687,74452
2024-06-17 11:10:00,443.29,444.0,442.99,443.9975,115619
2024-06-17 11:15:00,444.0,444.82,444.0,444.72,138986
2024-06-17 11:20:00,444.72,445.2,444.51,445.19,138720
2024-06-17 11:25:00,445.185,445.185,443.83,443.95,127937
2024-06-17 11:30:00,443.97,444.16,443.63,443.7333,81360
2024-06-17 11:35:00,443.76,444.12,443.749,443.98,73802
2024-06-17 11:40:00,444.0,444.28,443.84,444.28,61084
2024-06-17 11:45:00,444.29,444.54,444.16,444.3,49141
2024-06-17 11:50:00,444.34,444.68,444.34,444.48,60062
2024-06-17 11:55:00,444.455,444.5,444.22,444.34,59772
2024-06-17 12:00:00,444.3621,444.62,444.3,444.51,41769
2024-06-17 12:05:00,444.52,444.59,444.1845,444.19,35181
2024-06-17 12:10:00,444.2,444.43,444.13,444.3,49279
2024-06-17 12:15:00,444.3,444.46,444.21,444.45,55283
2024-06-17 12:20:00,444.46,445.1,444.44,445.065,98789
2024-06-17 12:25:00,445.07,445.41,444.8946,445.4,105344
2024-06-17 12:30:00,445.405,445.68,445.2,445.635,87450
2024-06-17 12:35:00,445.635,445.78,445.0305,445.17,122265
2024-06-17 12:40:00,445.19,445.645,445.1,445.64,47756
2024-06-17 12:45:00,445.67,446.4,445.63,446.26,89292
2024-06-17 12:50:00,446.3167,446.48,446.26,446.42,76397
2024-06-17 12:55:00,446.38,446.64,446.24,446.53,99124
2024-06-17 13:00:00,446.57,447.1699,446.57,447.13,101112
2024-06-17 13:05:00,447.1,447.12,446.82,446.98,72740
2024-06-17 13:10:00,447.0,447.19,446.83,446.917,49203
2024-06-17 13:15:00,446.91,447.64,446.85,447.64,75211
2024-06-17 13:20:00,447.62,447.78,447.305,447.78,98621
2024-06-17 13:25:00,447.7899,448.0,447.64,447.91,71130
2024-06-17 13:30:00,447.92,448.44,447.8,448.415,102421
2024-06-17 13:35:00,448.43,448.8396,448.31,448.63,81433
2024-06-17 13:40:00,448.63,448.88,448.34,448.35,88397
2024-06-17 13:45:00,448.34,448.48,448.04,448.19,57545
2024-06-17 13:50:00,448.25,449.33,448.2332,449.2699,98585
2024-06-17 13:55:00,449.2145,449.49,448.93,449.42,141460
2024-06-17 14:00:00,449.38,450.69,449.32,450.13,424145
2024-06-17 14:05:00,450.12,450.49,449.81,449.89,153769
2024-06-17 14:10:00,449.8899,450.03,448.97,448.97,129905
2024-06-17 14:15:00,448.91,449.23,448.28,448.38,193783
2024-06-17 14:20:00,448.375,448.6899,448.2201,448.56,94906
2024-06-17 14:25:00,448.6187,449.5,448.44,449.43,94128
2024-06-17 14:30:00,449.44,449.67,449.2301,449.55,81190
2024-06-17 14:35:00,449.54,449.54,448.98,449.379,87299
2024-06-17 14:40:00,449.35,449.3599,448.89,448.97,71910
2024-06-17 14:45:00,448.97,449.15,448.57,448.85,86603
2024-06-17 14:50:00,448.86,448.92,448.59,448.87,111658
2024-06-17 14:55:00,448.8638,449.3699,448.6835,449.3156,68475
2024-06-17 15:00:00,449.3,449.5694,449.17,449.325,106035
2024-06-17 15:05:00,449.325,450.09,449.31,450.04,121417
2024-06-17 15:10:00,450.035,450.4,450.01,450.2556,108509
2024-06-17 15:15:00,450.24,450.94,450.16,450.7807,135295
2024-06-17 15:20:00,450.781,450.86,450.46,450.6,118016
2024-06-17 15:25:00,450.62,450.8195,450.51,450.603,105400
2024-06-17 15:30:00,450.6,450.615,450.2,450.32,119299
2024-06-17 15:35:00,450.27,450.2793,450.055,450.17,135114
2024-06-17 15:40:00,450.16,450.2199,449.72,449.795,125032
2024-06-17 15:45:00,449.8066,449.83,448.82,448.85,189925
2024-06-17 15:50:00,448.85,449.45,448.65,448.96,348761
2024-06-17 15:55:00,448.95,449.0,448.085,448.39,735582
2024-06-17 16:00:00,448.39,448.54,448.22,448.37,3945772
2024-06-17 16:05:00,448.05,448.37,448.04,448.14,84648
2024-06-17 16:10:00,448.14,448.14,448.0,448.11,3525
2024-06-17 16:15:00,448.1,448.26,448.06,448.26,2955
2024-06-17 16:25:00,448.33,448.37,448.27,448.3083,226983
2024-06-17 16:30:00,448.33,448.33,448.3,448.3,1098
2024-06-17 16:35:00,448.33,448.33,448.29,448.32,458
2024-06-17 16:40:00,448.3,448.3699,448.3,448.3,800
2024-06-17 16:45:00,448.37,448.37,448.3,448.37,4919
2024-06-17 16:50:00,448.33,448.33,448.29,448.33,431
2024-06-17 16:55:00,448.35,448.35,448.2001,448.35,500
2024-06-17 17:00:00,448.23,448.37,448.23,448.37,2976
2024-06-17 17:05:00,448.7473,448.7473,448.7473,448.7473,171
2024-06-17 17:10:00,448.43,448.4799,448.43,448.47,1015
2024-06-17 17:15:00,448.49,448.7,448.49,448.7,235
2024-06-17 17:20:00,448.75,448.75,448.45,448.5,945
2024-06-17 17:35:00,448.29,448.4295,448.01,448.01,547
2024-06-17 17:40:00,448.2487,448.2487,448.0,448.0,400
2024-06-17 17:45:00,448.0,448.01,448.0,448.0,500
2024-06-17 17:50:00,448.01,448.01,448.01,448.01,200
2024-06-17 17:55:00,447.86,447.86,447.83,447.83,200
2024-06-17 18:05:00,448.1,448.25,448.1,448.23,772
2024-06-17 18:10:00,448.3,448.4738,448.3,448.4738,350
2024-06-17 18:15:00,448.37,448.37,448.37,448.37,1120
2024-06-17 18:25:00,448.4,448.4,448.4,448.4,100
2024-06-17 18:30:00,448.4999,448.4999,448.377,448.377,700
2024-06-17 18:40:00,448.3069,448.44,448.3069,448.44,300
2024-06-17 18:50:00,448.44,448.44,448.44,448.44,100
2024-06-17 19:00:00,448.37,448.37,448.37,448.37,134
2024-06-17 19:05:00,448.3238,448.3238,448.3238,448.3238,200
2024-06-17 19:10:00,448.31,448.31,448.3,448.3,692
2024-06-17 19:15:00,448.02,448.46,448.02,448.3,651
2024-06-17 19:20:00,448.3,448.3,448.3,448.3,216
2024-06-17 19:30:00,448.5,448.5,448.5,448.5,300
2024-06-17 19:35:00,448.49,448.49,448.49,448.49,238
2024-06-17 19:40:00,448.4,448.4724,448.01,448.01,1440
2024-06-17 19:50:00,448.2503,448.28,448.2501,448.28,300
2024-06-17 19:55:00,448.15,448.3,448.1,448.3,790
2024-06-18 04:00:00,449.44,449.44,449.4,449.4,600
2024-06-18 04:05:00,449.3,449.3,449.1,449.3,874
2024-06-18 04:10:00,449.14,449.14,449.14,449.14,100
2024-06-18 04:15:00,449.22,449.26,449.22,449.26,213
2024-06-18 04:20:00,449.19,449.19,449.19,449.19,362
2024-06-18 04:25:00,449.37,449.37,449.37,449.37,214
2024-06-18 04:30:00,449.25,449.53,449.25,449.53,1006
2024-06-18 04:35:00,449.52,449.52,449.52,449.52,115
2024-06-18 04:45:00,449.62,449.65,449.62,449.65,674
2024-06-18 04:50:00,449.92,449.92,449.92,449.92,100
2024-06-18 05:10:00,450.01,450.05,450.01,450.05,928
2024-06-18 05:15:00,450.02,450.02,449.91,449.91,1782
2024-06-18 05:35:00,449.91,449.95,449.76,449.76,673
2024-06-18 06:00:00,450.05,450.05,450.05,450.05,133
2024-06-18 06:10:00,450.01,450.01,449.76,449.76,335
2024-06-18 06:15:00,449.8,449.8,449.8,449.8,100
2024-06-18 06:20:00,450.19,450.2,450.19,450.2,588
2024-06-18 06:25:00,450.4,450.4,450.4,450.4,476
2024-06-18 06:35:00,450.25,450.25,450.19,450.19,617
2024-06-18 06:40:00,450.01,450.01,450.0,450.0,221
2024-06-18 06:50:00,449.87,449.87,449.81,449.81,327
2024-06-18 07:00:00,449.8,449.85,449.65,449.65,3140
2024-06-18 07:05:00,449.95,449.95,449.65,449.65,367
2024-06-18 07:10:00,449.61,449.61,449.42,449.42,931
2024-06-18 07:20:00,449.33,449.33,449.33,449.33,114
2024-06-18 07:30:00,449.38,449.4,449.34,449.34,632
2024-06-18 07:35:00,449.3,449.35,449.25,449.25,483
2024-06-18 07:40:00,449.2,449.2,449.2,449.2,193
2024-06-18 07:55:00,449.32,449.48,449.32,449.48,1015
2024-06-18 08:00:00,449.66,450.0,447.25,447.6,14062
2024-06-18 08:05:00,449.59,449.97,449.59,449.65,1088
2024-06-18 08:10:00,449.83,449.83,449.75,449.8,2424
2024-06-18 08:15:00,449.938,450.04,449.938,449.9899,3693
2024-06-18 08:20:00,449.9166,449.9166,449.85,449.9,804
2024-06-18 08:25:00,449.9,449.98,449.9,449.9776,740
2024-06-18 08:30:00,449.95,450.5,449.12,449.14,7121
2024-06-18 08:35:00,449.5,449.5,448.5832,448.5832,2664
2024-06-18 08:40:00,448.59,448.59,448.4009,448.4009,1452
2024-06-18 08:45:00,448.72,449.3486,448.7,449.3486,5154
2024-06-18 08:50:00,449.28,449.28,449.27,449.27,200
2024-06-18 08:55:00,449.2604,449.3,449.2604,449.3,200
2024-06-18 09:00:00,449.3,449.3,448.76,448.76,2679
2024-06-18 09:05:00,448.77,448.77,448.72,448.72,1057
2024-06-18 09:10:00,448.66,449.0,448.5583,449.0,1544
2024-06-18 09:15:00,448.68,449.25,448.68,449.25,2796
2024-06-18 09:20:00,449.39,449.39,449.31,449.31,500
2024-06-18 09:25:00,449.1,450.15,449.0,449.84,5759
2024-06-18 09:30:00,449.72,450.14,448.235,448.65,498374
2024-06-18 09:35:00,448.57,448.84,447.0,447.09,326262
2024-06-18 09:40:00,447.1197,448.8777,446.9,448.87,167293
2024-06-18 09:45:00,448.84,448.8888,448.125,448.26,91253
2024-06-18 09:50:00,448.265,448.34,447.46,447.525,124214
2024-06-18 09:55:00,447.54,448.72,447.265,447.77,165591
2024-06-18 10:00:00,447.785,448.33,447.2001,447.76,124220
2024-06-18 10:05:00,447.795,448.32,447.65,448.075,85016
2024-06-18 10:10:00,448.06,448.28,447.63,447.8,107551
2024-06-18 10:15:00,447.825,447.98,447.35,447.54,132072
2024-06-18 10:20:00,447.48,447.54,446.4289,446.63,215637
2024-06-18 10:25:00,446.665,447.125,446.502,446.91,158494
2024-06-18 10:30:00,446.94,446.9599,446.551,446.85,96352
2024-06-18 10:35:00,446.85,447.03,446.5026,446.97,104424
2024-06-18 10:40:00,447.0037,447.07,445.53,445.6001,169015
2024-06-18 10:45:00,445.52,446.185,445.32,446.05,112968
2024-06-18 10:50:00,446.11,446.59,445.91,446.485,111214
2024-06-18 10:55:00,446.485,446.575,445.92,446.45,83398
2024-06-18 11:00:00,446.4401,446.53,445.81,445.91,69163
2024-06-18 11:05:00,445.859,446.1,445.69,446.015,79953
2024-06-18 11:10:00,446.015,446.135,445.11,445.28,155404
2024-06-18 11:15:00,445.31,445.48,444.89,445.29,152684
2024-06-18 11:20:00,445.35,445.9299,445.31,445.8,86787
2024-06-18 11:25:00,445.81,445.9,445.48,445.9,67564
2024-06-18 11:30:00,445.88,446.05,445.7,445.86,53056
2024-06-18 11:35:00,445.9,446.19,445.7,446.07,78576
2024-06-18 11:40:00,446.06,446.36,445.93,446.07,61214
2024-06-18 11:45:00,446.13,446.4599,446.02,446.2,56642
2024-06-18 11:50:00,446.19,446.355,446.11,446.16,42403
2024-06-18 11:55:00,446.21,446.54,446.0401,446.49,57104
2024-06-18 12:00:00,446.51,446.77,446.33,446.7,84581
2024-06-18 12:05:00,446.725,447.33,446.7101,447.2,97085
2024-06-18 12:10:00,447.224,447.5801,447.2201,447.47,53750
2024-06-18 12:15:00,447.55,447.69,447.01,447.055,61921
2024-06-18 12:20:00,447.11,447.2,446.88,447.17,42357
2024-06-18 12:25:00,447.165,447.2,446.93,446.95,50890
2024-06-18 12:30:00,446.97,447.19,446.92,447.065,36150
2024-06-18 12:35:00,447.02,447.0999,446.6,446.7449,48883
2024-06-18 12:40:00,446.73,446.95,446.635,446.89,35427
2024-06-18 12:45:00,446.93,446.935,446.66,446.6619,29500
2024-06-18 12:50:00,446.675,447.37,446.6458,447.25,70474
2024-06-18 12:55:00,447.3,447.68,447.22,447.56,65648
2024-06-18 13:00:00,447.5,447.5,446.78,446.93,65473
2024-06-18 13:05:00,446.9,447.32,446.78,447.29,54320
2024-06-18 13:10:00,447.24,447.24,446.95,447.0292,45413
2024-06-18 13:15:00,447.04,447.52,446.95,447.4501,51315
2024-06-18 13:20:00,447.4999,447.78,447.27,447.44,85972
2024-06-18 13:25:00,447.44,447.7879,447.25,447.76,37915
2024-06-18 13:30:00,447.77,447.84,447.52,447.635,40791
2024-06-18 13:35:00,447.6501,447.9,447.415,447.43,64736
2024-06-18 13:40:00,447.43,447.72,447.43,447.58,40309
2024-06-18 13:45:00,447.545,447.6999,447.43,447.65,52180
2024-06-18 13:50:00,447.67,447.72,447.52,447.5829,39393
2024-06-18 13:55:00,447.6,447.6,447.2307,447.33,54899
2024-06-18 14:00:00,447.37,447.3899,445.98,446.1,92494
2024-06-18 14:05:00,446.105,446.34,445.63,446.17,131237
2024-06-18 14:10:00,446.13,446.315,445.68,445.95,105011
2024-06-18 14:15:00,445.98,446.01,445.72,445.83,67995
2024-06-18 14:20:00,445.81,446.0,445.73,445.85,80297
2024-06-18 14:25:00,445.83,446.185,445.6498,445.905,77789
2024-06-18 14:30:00,445.89,446.25,445.89,446.05,68345
2024-06-18 14:35:00,446.05,446.13,445.856,446.02,38974
2024-06-18 14:40:00,446.01,446.07,445.87,445.905,49546
2024-06-18 14:45:00,445.93,446.0699,445.88,445.8905,68107
2024-06-18 14:50:00,445.8839,446.1,445.83,445.83,67304
2024-06-18 14:55:00,445.86,446.18,445.72,446.05,77246
2024-06-18 15:00:00,446.065,446.22,445.875,445.875,64469
2024-06-18 15:05:00,445.86,446.02,445.34,445.43,109886
2024-06-18 15:10:00,445.46,445.71,445.17,445.6,99565
2024-06-18 15:15:00,445.6,445.81,445.57,445.6201,69762
2024-06-18 15:20:00,445.61,446.08,445.61,446.025,97801
2024-06-18 15:25:00,446.0,446.45,445.905,446.29,110521
2024-06-18 15:30:00,446.29,446.62,446.17,446.58,77097
2024-06-18 15:35:00,446.59,446.84,446.59,446.84,70374
2024-06-18 15:40:00,446.839,446.85,446.2501,446.2501,60523
2024-06-18 15:45:00,446.27,446.385,446.11,446.16,87902
2024-06-18 15:50:00,446.17,446.91,446.17,446.77,165256
2024-06-18 15:55:00,446.77,446.83,446.07,446.42,422454
2024-06-18 16:00:00,446.34,446.34,445.5315,446.34,3419915
2024-06-18 16:05:00,445.77,445.99,445.75,445.99,2545
2024-06-18 16:10:00,446.28,446.28,445.82,446.12,1419
2024-06-18 16:15:00,445.99,446.34,445.99,446.1,2038
2024-06-18 16:20:00,446.05,446.34,446.05,446.34,20968
2024-06-18 16:25:00,446.13,446.15,446.13,446.15,1280
2024-06-18 16:30:00,446.24,446.27,446.11,446.11,1411
2024-06-18 16:35:00,446.34,446.5199,446.2,446.4734,11466
2024-06-18 16:40:00,446.3,446.3799,446.3,446.3799,1200
2024-06-18 16:50:00,446.1301,446.17,446.12,446.15,4100
2024-06-18 16:55:00,446.25,446.25,446.25,446.25,300
2024-06-18 17:00:00,446.34,446.34,446.16,446.16,4510
2024-06-18 17:05:00,446.2,446.2,446.1,446.1,400
2024-06-18 17:10:00,446.01,446.01,445.8157,445.84,1028
2024-06-18 17:15:00,445.7601,445.94,445.7601,445.94,1100
2024-06-18 17:20:00,445.8279,445.8279,445.8279,445.8279,100
2024-06-18 17:35:00,445.81,446.3,445.81,446.3,585
2024-06-18 17:40:00,446.3,446.3999,446.3,446.31,700
2024-06-18 17:45:00,446.34,446.5145,446.34,446.3424,1840
2024-06-18 17:50:00,446.5167,446.5167,446.34,446.34,800
2024-06-18 17:55:00,446.37,446.37,446.37,446.37,420
2024-06-18 18:00:00,446.48,446.48,446.4,446.4,1493
2024-06-18 18:05:00,446.39,446.63,446.39,446.63,300
2024-06-18 18:10:00,446.4382,447.25,446.4382,447.25,1210
2024-06-18 18:15:00,447.3,447.3,447.25,447.3,707
2024-06-18 18:20:00,447.25,447.25,447.25,447.25,332
2024-06-18 18:25:00,447.38,447.5,447.34,447.5,800
2024-06-18 18:30:00,447.6093,447.6093,447.6093,447.6093,1000
2024-06-18 18:35:00,447.5,447.51,446.4,446.4,800
2024-06-18 18:40:00,446.85,447.4263,446.85,447.4263,897
2024-06-18 18:45:00,446.8548,446.8548,446.8538,446.8538,1000
2024-06-18 18:50:00,447.09,447.09,447.09,447.09,200
2024-06-18 18:55:00,447.12,447.12,447.12,447.12,1000
2024-06-18 19:00:00,447.26,447.26,446.8601,446.8601,1019
2024-06-18 19:10:00,447.03,447.03,447.0,447.0,652
2024-06-18 19:15:00,446.91,446.9689,446.75,446.9689,2144
2024-06-18 19:20:00,446.36,446.36,446.36,446.36,250
2024-06-18 19:25:00,446.8866,446.8866,446.3982,446.3982,300
2024-06-18 19:45:00,446.65,446.65,446.53,446.63,426
2024-06-18 19:50:00,446.6,446.65,446.5,446.5,1611
2024-06-18 19:55:00,446.6184,446.6999,446.42,446.42,1916
2024-06-20 04:00:00,448.0,448.01,447.5,447.5,800
2024-06-20 04:05:00,447.2,447.5,447.2,447.5,437
2024-06-20 04:10:00,447.44,447.65,447.41,447.41,893
2024-06-20 04:15:00,447.79,447.79,447.51,447.51,212
2024-06-20 04:20:00,447.68,447.77,447.61,447.77,321
2024-06-20 04:30:00,447.79,447.79,447.78,447.78,312
2024-06-20 04:40:00,447.85,447.86,447.85,447.86,304
2024-06-20 04:45:00,448.48,448.58,448.4,448.42,531
2024-06-20 04:50:00,448.28,448.28,448.28,448.28,649
2024-06-20 04:55:00,448.29,448.29,448.2,448.2,551
2024-06-20 05:00:00,448.09,448.09,448.08,448.08,561
2024-06-20 05:10:00,448.14,448.14,448.14,448.14,200
2024-06-20 05:15:00,448.07,448.13,448.0,448.13,695
2024-06-20 05:20:00,448.14,448.64,448.14,448.64,1603
2024-06-20 05:25:00,448.64,448.64,448.6,448.6,1169
2024-06-20 06:05:00,448.54,448.7,448.54,448.7,316
2024-06-20 06:15:00,448.81,448.81,448.81,448.81,112
2024-06-20 06:25:00,448.93,448.93,448.93,448.93,212
2024-06-20 06:35:00,449.16,449.16,449.16,449.16,112
2024-06-20 06:45:00,449.25,449.25,449.25,449.25,125
2024-06-20 06:50:00,449.25,449.26,449.22,449.22,608
2024-06-20 06:55:00,449.3,449.3,449.05,449.05,576
2024-06-20 07:00:00,448.63,448.87,448.51,448.51,2552
2024-06-20 07:05:00,448.61,448.69,448.43,448.43,549
2024-06-20 07:10:00,448.15,448.15,447.63,447.63,2326
2024-06-20 07:15:00,447.9,447.98,447.5,447.5,1066
2024-06-20 07:20:00,447.48,447.48,447.48,447.48,100
2024-06-20 07:25:00,447.48,447.48,447.43,447.43,1175
2024-06-20 07:30:00,447.3,447.3,447.05,447.1,1097
2024-06-20 07:35:00,447.01,447.01,446.81,446.81,2051
2024-06-20 07:40:00,446.95,447.2,446.95,447.2,1033
2024-06-20 07:45:00,447.29,447.29,447.15,447.27,400
2024-06-20 07:50:00,447.22,447.22,447.0,447.0,2288
2024-06-20 07:55:00,447.0,447.22,447.0,447.22,808
2024-06-20 08:00:00,448.61,449.115,445.78,447.0,31291
2024-06-20 08:05:00,446.37,448.36,445.5,447.0,2961
2024-06-20 08:10:00,446.9,446.989,446.86,446.95,1652
2024-06-20 08:15:00,446.91,447.0,446.91,447.0,1672
2024-06-20 08:20:00,446.88,446.95,446.7101,446.7101,2874
2024-06-20 08:25:00,446.71,446.94,446.71,446.94,400
2024-06-20 08:30:00,447.0,447.2353,446.5,446.5,9054
2024-06-20 08:35:00,446.567,446.567,446.5,446.55,1860
2024-06-20 08:40:00,446.57,446.57,446.0,446.1358,9726
2024-06-20 08:45:00,446.35,446.6199,446.31,446.6199,2550
2024-06-20 08:50:00,446.6199,446.99,446.61,446.99,1238
2024-06-20 08:55:00,446.9,446.9,446.6,446.62,1954
2024-06-20 09:00:00,446.62,446.62,446.34,446.36,2036
2024-06-20 09:05:00,446.3001,446.45,446.3001,446.4,1000
2024-06-20 09:10:00,446.31,446.31,446.13,446.13,695
2024-06-20 09:15:00,446.4707,446.4707,446.2843,446.34,912
2024-06-20 09:20:00,446.46,446.46,446.35,446.35,1547
2024-06-20 09:25:00,446.44,446.6,446.2,446.2,3760
2024-06-20 09:30:00,446.3,446.53,442.83,442.92,828674
2024-06-20 09:35:00,443.005,444.26,442.5497,442.675,349885
2024-06-20 09:40:00,442.69,443.5,441.27,443.44,327995
2024-06-20 09:45:00,443.44,443.6253,442.1,442.41,193222
2024-06-20 09:50:00,442.41,442.425,441.75,442.1768,197986
2024-06-20 09:55:00,442.18,442.58,441.85,442.47,147882
2024-06-20 10:00:00,442.3814,443.14,442.2302,442.88,214951
2024-06-20 10:05:00,442.84,443.14,442.52,442.66,127379
2024-06-20 10:10:00,442.66,442.88,441.89,442.3133,309589
2024-06-20 10:15:00,442.25,442.51,441.9,442.09,146430
2024-06-20 10:20:00,442.115,442.8283,442.0,442.37,139921
2024-06-20 10:25:00,442.395,443.05,442.24,442.61,106841
2024-06-20 10:30:00,442.61,443.25,442.46,443.13,145825
2024-06-20 10:35:00,443.125,443.26,442.78,443.22,105684
2024-06-20 10:40:00,443.21,443.66,443.05,443.31,121764
2024-06-20 10:45:00,443.35,443.5525,442.6201,443.01,124092
2024-06-20 10:50:00,443.06,443.53,442.87,443.51,120611
2024-06-20 10:55:00,443.53,444.13,443.22,443.55,147918
2024-06-20 11:00:00,443.55,443.72,443.105,443.21,123873
2024-06-20 11:05:00,443.18,443.7,443.05,443.35,91766
2024-06-20 11:10:00,443.38,443.5,443.1118,443.21,77748
2024-06-20 11:15:00,443.26,443.84,443.17,443.75,93989
2024-06-20 11:20:00,443.75,444.17,443.73,444.123,136139
2024-06-20 11:25:00,444.07,444.29,443.865,444.1829,114901
2024-06-20 11:30:00,444.165,444.505,444.05,444.505,84233
2024-06-20 11:35:00,444.5497,445.03,444.46,445.005,118808
2024-06-20 11:40:00,445.0465,445.82,444.95,445.82,112493
2024-06-20 11:45:00,445.78,445.81,444.52,444.53,148131
2024-06-20 11:50:00,444.58,445.213,444.33,444.77,152094
2024-06-20 11:55:00,444.74,444.74,444.15,444.29,86904
2024-06-20 12:00:00,444.31,444.4489,444.11,444.255,65644
2024-06-20 12:05:00,444.35,444.75,444.2789,444.397,46588
2024-06-20 12:10:00,444.425,445.2,444.37,445.055,66995
2024-06-20 12:15:00,445.0806,445.16,444.64,444.675,51893
2024-06-20 12:20:00,444.6401,444.84,444.255,444.32,65270
2024-06-20 12:25:00,444.28,444.54,443.52,443.52,88309
2024-06-20 12:30:00,443.5,443.96,442.96,443.69,113466
2024-06-20 12:35:00,443.69,444.13,443.14,443.7711,99752
2024-06-20 12:40:00,443.85,444.6855,443.75,444.6192,80522
2024-06-20 12:45:00,444.625,445.16,444.6101,444.74,61053
2024-06-20 12:50:00,444.89,445.47,444.815,444.9,62807
2024-06-20 12:55:00,444.86,445.11,444.27,444.4577,67372
2024-06-20 13:00:00,444.44,444.44,443.8516,444.29,48065
2024-06-20 13:05:00,444.26,444.585,443.85,444.03,71269
2024-06-20 13:10:00,444.02,444.83,444.0,444.69,53932
2024-06-20 13:15:00,444.7,445.05,444.68,444.88,73792
2024-06-20 13:20:00,444.825,444.825,444.03,444.03,63158
2024-06-20 13:25:00,444.06,444.91,444.02,444.7,72302
2024-06-20 13:30:00,444.67,444.85,444.23,444.555,89596
2024-06-20 13:35:00,444.5715,444.6,443.92,444.51,122446
2024-06-20 13:40:00,444.5995,445.12,444.39,445.12,78961
2024-06-20 13:45:00,445.09,445.15,444.44,444.4401,54147
2024-06-20 13:50:00,444.4301,444.73,444.2681,444.38,52100
2024-06-20 13:55:00,444.39,444.66,444.25,444.44,39023
2024-06-20 14:00:00,444.44,445.11,444.4,444.975,79935
2024-06-20 14:05:00,445.03,445.22,444.71,444.815,48090
2024-06-20 14:10:00,444.84,444.98,444.5543,444.75,61425
2024-06-20 14:15:00,444.7287,445.0,444.72,444.87,59574
2024-06-20 14:20:00,444.83,444.98,444.5,444.8441,68440
2024-06-20 14:25:00,444.82,445.05,444.5,444.9634,66411
2024-06-20 14:30:00,444.98,445.1432,444.803,444.92,85212
2024-06-20 14:35:00,444.87,444.95,444.4,444.73,100452
2024-06-20 14:40:00,444.86,444.95,444.37,444.49,104876
2024-06-20 14:45:00,444.52,444.87,444.4707,444.77,80655
2024-06-20 14:50:00,444.8,445.08,444.45,444.57,117499
2024-06-20 14:55:00,444.55,445.05,444.545,444.61,91746
2024-06-20 15:00:00,444.66,444.79,443.8,444.111,90993
2024-06-20 15:05:00,444.14,444.49,443.94,444.12,137603
2024-06-20 15:10:00,444.13,444.98,444.004,444.84,117575
2024-06-20 15:15:00,444.825,444.825,444.2949,444.39,78300
2024-06-20 15:20:00,444.43,444.59,443.96,444.15,92042
2024-06-20 15:25:00,444.18,445.28,444.175,445.115,118841
2024-06-20 15:30:00,445.1,445.19,444.535,445.075,96678
2024-06-20 15:35:00,445.1,445.27,444.21,444.3798,100038
2024-06-20 15:40:00,444.38,445.0,444.34,444.845,94648
2024-06-20 15:45:00,444.82,445.1905,444.4788,444.515,113828
2024-06-20 15:50:00,444.53,446.06,444.18,445.88,261228
2024-06-20 15:55:00,445.87,446.04,445.27,445.785,486674
2024-06-20 16:00:00,445.7,445.76,445.4,445.7,3949727
2024-06-20 16:05:00,445.7,446.1,445.66,446.1,7885
2024-06-20 16:10:00,445.7,446.3,445.7,445.71,9521
2024-06-20 16:15:00,446.28,446.28,445.84,445.84,4679
2024-06-20 16:20:00,445.84,445.84,445.72,445.8,2660
2024-06-20 16:30:00,445.67,445.67,445.65,445.65,340
2024-06-20 16:40:00,445.49,445.51,445.49,445.5,835
2024-06-20 16:45:00,445.67,445.78,445.67,445.78,585
2024-06-20 16:50:00,445.7,445.7,445.7,445.7,100
2024-06-20 16:55:00,445.7027,445.7027,445.7027,445.7027,278
2024-06-20 17:05:00,445.85,445.85,445.69,445.69,538
2024-06-20 17:15:00,445.51,445.51,445.51,445.51,467
2024-06-20 17:20:00,445.5,445.7,445.0264,445.4,3533
2024-06-20 17:25:00,445.44,445.4998,445.44,445.4998,300
2024-06-20 17:30:00,445.3,445.5,445.2001,445.5,1162
2024-06-20 17:40:00,445.35,445.5,445.35,445.5,1325
2024-06-20 17:45:00,445.5,445.5,445.5,445.5,199
2024-06-20 17:55:00,445.45,445.45,445.45,445.45,100
2024-06-20 18:00:00,445.48,446.05,445.45,446.05,3017
2024-06-20 18:05:00,446.1,446.11,446.1,446.11,896
2024-06-20 18:10:00,446.3,446.4952,446.3,446.4952,1145
2024-06-20 18:15:00,446.0,446.25,446.0,446.25,551
2024-06-20 18:20:00,446.49,446.51,446.49,446.5,4411
2024-06-20 18:25:00,446.5,446.5375,446.5,446.5,651
2024-06-20 18:30:00,446.5,446.56,446.5,446.5321,435
2024-06-20 18:50:00,446.29,446.47,446.29,446.47,747
2024-06-20 18:55:00,445.7,445.7,445.7,445.7,4181
2024-06-20 19:00:00,446.47,446.47,446.25,446.25,674
2024-06-20 19:05:00,446.25,446.35,446.25,446.35,930
2024-06-20 19:10:00,446.25,446.25,446.25,446.25,100
2024-06-20 19:25:00,446.5,446.51,446.5,446.51,998
2024-06-20 19:35:00,446.2501,446.2501,446.2501,446.2501,100
2024-06-20 19:45:00,446.06,446.06,446.06,446.06,100
2024-06-20 19:50:00,446.09,446.32,446.09,446.12,1327
2024-06-21 04:05:00,444.6,444.6,444.51,444.51,325
2024-06-21 04:10:00,444.66,444.66,444.66,444.66,109
2024-06-21 04:15:00,444.15,444.24,444.15,444.24,273
2024-06-21 04:20:00,444.13,444.18,444.13,444.18,1700
2024-06-21 04:25:00,444.5,444.5,444.5,444.5,107
2024-06-21 04:30:00,444.43,444.43,444.4,444.4,600
2024-06-21 04:40:00,443.95,444.0,443.95,444.0,200
2024-06-21 04:55:00,444.13,444.13,444.12,444.12,225
2024-06-21 05:00:00,444.2,444.48,444.2,444.48,1171
2024-06-21 05:05:00,444.44,444.44,444.44,444.44,100
2024-06-21 05:20:00,444.43,444.6,444.43,444.6,435
2024-06-21 05:30:00,444.6,444.6,444.6,444.6,156
2024-06-21 05:50:00,444.68,444.9,444.68,444.9,200
2024-06-21 06:15:00,444.8,444.8,444.8,444.8,350
2024-06-21 06:35:00,444.07,444.07,444.02,444.02,279
2024-06-21 06:45:00,444.63,444.63,444.6,444.6,364
2024-06-21 06:55:00,444.56,444.56,444.56,444.56,100
2024-06-21 07:00:00,444.93,445.0,444.91,445.0,825
2024-06-21 07:05:00,445.17,445.38,445.17,445.38,473
2024-06-21 07:10:00,445.01,445.01,445.01,445.01,100
2024-06-21 07:20:00,445.24,445.33,445.24,445.32,554
2024-06-21 07:25:00,445.33,445.81,445.33,445.8,2323
2024-06-21 07:30:00,445.6,445.6,445.6,445.6,200
2024-06-21 07:35:00,445.52,445.65,445.52,445.65,550
2024-06-21 07:40:00,445.7,445.7,445.7,445.7,100
2024-06-21 07:50:00,445.2,445.2,445.2,445.2,124
2024-06-21 07:55:00,445.29,446.58,445.29,446.58,3116
2024-06-21 08:00:00,444.84,447.58,444.47,445.0,17061
2024-06-21 08:05:00,446.4,446.4,445.68,445.68,895
2024-06-21 08:10:00,445.66,445.6997,445.5,445.5,1900
2024-06-21 08:15:00,445.2705,445.51,445.27,445.4,2174
2024-06-21 08:20:00,445.29,445.29,444.5,444.5,2579
2024-06-21 08:25:00,444.5,444.95,444.2101,444.95,7120
2024-06-21 08:30:00,444.95,445.4,444.95,445.4,2008
2024-06-21 08:35:00,445.0,445.47,445.0,445.47,984
2024-06-21 08:40:00,445.7,445.83,445.48,445.83,1281
2024-06-21 08:45:00,446.0,446.0,445.7,445.72,1130
2024-06-21 08:50:00,445.99,446.3004,445.92,445.92,3138
2024-06-21 08:55:00,446.276,446.6,446.276,446.6,2068
2024-06-21 09:00:00,446.42,446.44,445.9213,446.4,2562
2024-06-21 09:05:00,446.4,446.4,445.93,446.38,2747
2024-06-21 09:10:00,446.3,446.7,446.3,446.7,2777
2024-06-21 09:15:00,446.3905,446.88,446.3905,446.65,2372
2024-06-21 09:20:00,446.45,446.53,445.98,446.0,2451
2024-06-21 09:25:00,445.52,448.33,445.24,447.53,61648
2024-06-21 09:30:00,447.38,449.9,446.7,449.81,6048648
2024-06-21 09:35:00,449.81,450.3899,447.88,448.59,432850
2024-06-21 09:40:00,448.64,449.38,448.2207,448.3016,355772
2024-06-21 09:45:00,448.09,448.84,446.75,447.23,190391
2024-06-21 09:50:00,447.23,447.5,446.57,446.89,158402
2024-06-21 09:55:00,446.98,447.9,446.97,447.295,154851
2024-06-21 10:00:00,447.285,448.82,447.285,448.71,124640
2024-06-21 10:05:00,448.72,448.93,447.59,447.8809,165884
2024-06-21 10:10:00,447.9568,448.3587,447.52,447.865,100719
2024-06-21 10:15:00,447.93,448.4,447.58,448.152,104292
2024-06-21 10:20:00,448.22,448.57,447.31,447.3801,124041
2024-06-21 10:25:00,447.4171,447.7299,447.08,447.115,114216
2024-06-21 10:30:00,447.18,447.18,446.58,446.6,105898
2024-06-21 10:35:00,446.6399,447.2,446.51,447.11,75382
2024-06-21 10:40:00,447.14,447.31,446.86,447.16,66493
2024-06-21 10:45:00,447.165,447.56,447.1,447.31,70916
2024-06-21 10:50:00,447.31,447.38,446.7,446.8178,68504
2024-06-21 10:55:00,446.88,447.68,446.55,447.5915,94477
2024-06-21 11:00:00,447.6387,447.91,447.45,447.721,53503
2024-06-21 11:05:00,447.7142,448.4526,447.7142,448.1699,85081
2024-06-21 11:10:00,448.167,448.23,447.78,448.05,63945
2024-06-21 11:15:00,448.05,448.17,447.8,448.135,73867
2024-06-21 11:20:00,448.155,448.37,447.85,447.95,104880
2024-06-21 11:25:00,447.925,448.19,447.58,447.6407,142273
2024-06-21 11:30:00,447.655,448.04,447.5,447.96,106359
2024-06-21 11:35:00,447.98,448.665,447.98,448.55,121884
2024-06-21 11:40:00,448.55,448.94,448.37,448.87,91581
2024-06-21 11:45:00,448.87,449.2064,448.75,449.2064,129845
2024-06-21 11:50:00,449.22,449.3,448.98,449.3,73034
2024-06-21 11:55:00,449.245,449.245,448.78,449.1529,35745
2024-06-21 12:00:00,449.185,449.35,448.82,449.1301,73878
2024-06-21 12:05:00,449.12,449.38,448.7301,449.02,81909
2024-06-21 12:10:00,448.96,449.14,448.89,448.95,30458
2024-06-21 12:15:00,448.94,449.44,448.76,449.365,72298
2024-06-21 12:20:00,449.3899,449.49,449.27,449.3699,51255
2024-06-21 12:25:00,449.2701,449.5856,449.125,449.5,91566
2024-06-21 12:30:00,449.52,449.56,449.1,449.46,75436
2024-06-21 12:35:00,449.44,449.72,449.33,449.7,82376
2024-06-21 12:40:00,449.75,449.78,449.38,449.38,48704
2024-06-21 12:45:00,449.4199,449.52,448.86,448.915,52037
2024-06-21 12:50:00,448.89,449.4,448.54,449.22,58836
2024-06-21 12:55:00,449.2388,449.2388,448.73,448.73,47965
2024-06-21 13:00:00,448.73,449.1,448.43,449.042,62149
2024-06-21 13:05:00,449.01,449.1533,448.5,448.5498,59358
2024-06-21 13:10:00,448.63,449.04,448.57,448.874,33248
2024-06-21 13:15:00,448.866,449.03,448.57,448.58,41732
2024-06-21 13:20:00,448.52,448.87,448.52,448.64,32000
2024-06-21 13:25:00,448.6138,448.77,448.4101,448.57,45150
2024-06-21 13:30:00,448.54,448.66,448.28,448.49,48675
2024-06-21 13:35:00,448.48,448.53,448.09,448.38,66322
2024-06-21 13:40:00,448.39,448.45,448.1,448.11,57109
2024-06-21 13:45:00,448.125,448.68,448.1,448.65,50026
2024-06-21 13:50:00,448.674,449.15,448.64,449.15,53227
2024-06-21 13:55:00,449.14,449.1538,448.7828,448.8,32346
2024-06-21 14:00:00,448.88,449.02,448.63,448.68,31332
2024-06-21 14:05:00,448.71,448.9,448.46,448.6787,44823
2024-06-21 14:10:00,448.65,448.91,448.64,448.7,45178
2024-06-21 14:15:00,448.74,449.205,448.7001,449.12,64632
2024-06-21 14:20:00,449.12,449.28,448.93,449.14,50751
2024-06-21 14:25:00,449.19,449.41,449.11,449.2505,65665
2024-06-21 14:30:00,449.25,449.25,448.9105,449.2052,53484
2024-06-21 14:35:00,449.22,449.4403,448.93,449.09,52123
2024-06-21 14:40:00,449.09,449.25,449.0,449.2466,38648
2024-06-21 14:45:00,449.27,449.41,448.8301,448.99,69435
2024-06-21 14:50:00,448.99,449.18,448.98,449.1,37238
2024-06-21 14:55:00,449.115,449.19,448.86,449.1,47968
2024-06-21 15:00:00,449.0206,449.3,449.0206,449.1935,45555
2024-06-21 15:05:00,449.2,449.49,448.9,448.94,68191
2024-06-21 15:10:00,448.93,449.15,448.72,448.72,78916
2024-06-21 15:15:00,448.75,449.03,448.71,449.0,50761
2024-06-21 15:20:00,449.0,449.02,448.73,448.835,62804
2024-06-21 15:25:00,448.83,448.85,448.59,448.67,48164
2024-06-21 15:30:00,448.68,448.79,448.53,448.74,67952
2024-06-21 15:35:00,448.75,448.87,448.56,448.61,58747
2024-06-21 15:40:00,448.57,449.08,448.53,449.02,87859
2024-06-21 15:45:00,448.99,449.16,448.77,449.06,121921
2024-06-21 15:50:00,449.06,450.2,449.0,449.91,390114
2024-06-21 15:55:00,449.73,450.58,449.56,449.78,782336
2024-06-21 16:00:00,449.78,450.6,449.78,450.37,6763123
2024-06-21 16:05:00,450.37,450.4,449.78,450.39,95877
2024-06-21 16:10:00,450.41,450.57,449.78,449.78,21878
2024-06-21 16:15:00,450.51,450.53,450.43,450.5,4221
2024-06-21 16:20:00,449.78,450.45,449.78,450.3,4192
2024-06-21 16:25:00,450.36,450.36,450.1002,450.26,13073
2024-06-21 16:30:00,449.78,450.3,449.78,450.06,185446
2024-06-21 16:35:00,450.11,450.16,450.01,450.01,9424
2024-06-21 16:40:00,450.01,450.12,449.99,450.12,6367
2024-06-21 16:45:00,450.0526,450.17,450.0526,450.13,4574
2024-06-21 16:50:00,450.12,450.22,450.05,450.05,4332
2024-06-21 16:55:00,450.05,450.08,449.78,450.05,119811
2024-06-21 17:00:00,450.04,450.05,450.0,450.0,1046
2024-06-21 17:15:00,450.04,450.04,450.03,450.03,593
2024-06-21 17:20:00,450.01,450.01,449.78,449.78,103487
2024-06-21 17:25:00,449.9967,450.07,449.99,449.99,2246
2024-06-21 17:30:00,449.96,449.96,449.8,449.93,1229
2024-06-21 17:40:00,449.78,449.78,449.78,449.78,2257
2024-06-21 17:50:00,449.9497,450.01,449.9497,450.01,550
2024-06-21 17:55:00,449.96,450.2,449.96,450.2,402
2024-06-21 18:00:00,450.18,450.18,450.18,450.18,247
2024-06-21 18:05:00,450.22,450.22,450.22,450.22,873
2024-06-21 18:10:00,450.21,450.22,450.21,450.22,1280
2024-06-21 18:15:00,450.22,450.22,450.22,450.22,285
2024-06-21 18:20:00,450.22,450.22,450.16,450.16,619
2024-06-21 18:35:00,450.2,450.2,450.14,450.14,350
2024-06-21 18:40:00,450.12,450.12,450.12,450.12,195
2024-06-21 18:45:00,450.2,450.22,450.2,450.22,225
2024-06-21 18:55:00,450.2182,450.2182,450.2182,450.2182,450
2024-06-21 19:05:00,450.0992,450.0992,449.9723,449.9723,1900
2024-06-21 19:10:00,450.0,450.03,450.0,450.03,1426
2024-06-21 19:20:00,450.0,450.0,449.98,449.98,200
2024-06-21 19:25:00,449.97,449.97,449.97,449.97,100
2024-06-21 19:30:00,449.99,449.99,449.96,449.96,812
2024-06-21 19:40:00,449.98,450.0,449.98,450.0,307
2024-06-21 19:45:00,450.12,450.12,450.12,450.12,721
2024-06-21 19:50:00,450.13,450.13,450.13,450.13,200
2024-06-21 19:55:00,450.2,450.2,450.2,450.2,100
2024-06-24 04:00:00,449.82,449.82,449.61,449.61,589
2024-06-24 04:05:00,449.7,449.78,449.5,449.78,700
2024-06-24 04:10:00,449.55,449.55,449.55,449.55,260
2024-06-24 04:25:00,449.96,449.96,449.95,449.95,200
2024-06-24 04:30:00,449.95,449.99,449.95,449.99,260
2024-06-24 04:35:00,449.93,449.93,449.93,449.93,100
2024-06-24 04:50:00,449.9,449.9,449.9,449.9,108
2024-06-24 05:15:00,449.98,449.99,449.98,449.98,400
2024-06-24 05:25:00,450.02,450.1,450.02,450.1,443
2024-06-24 05:40:00,450.01,450.01,450.01,450.01,160
2024-06-24 05:50:00,449.98,449.98,449.97,449.98,503
2024-06-24 05:55:00,450.32,450.5,450.32,450.5,850
2024-06-24 06:00:00,450.78,450.78,450.78,450.78,100
2024-06-24 06:05:00,450.67,450.67,450.67,450.67,194
2024-06-24 06:20:00,450.78,450.78,450.78,450.78,100
2024-06-24 06:35:00,450.47,450.47,450.47,450.47,100
2024-06-24 06:55:00,450.48,450.5,450.3,450.3,1067
2024-06-24 07:00:00,450.35,450.35,450.0,450.0,6385
2024-06-24 07:05:00,450.1,450.1,449.78,449.78,295
2024-06-24 07:10:00,449.7,450.41,449.7,450.41,719
2024-06-24 07:15:00,450.2,450.2,450.0,450.0,363
2024-06-24 07:20:00,449.97,449.98,449.97,449.98,200
2024-06-24 07:25:00,449.55,449.55,449.55,449.55,125
2024-06-24 07:35:00,449.87,449.87,449.87,449.87,100
2024-06-24 07:50:00,450.25,450.25,449.8,449.8,1051
2024-06-24 07:55:00,449.75,449.75,449.7,449.7,765
2024-06-24 08:00:00,450.14,450.904,449.6,449.7,9772
2024-06-24 08:05:00,449.78,449.83,449.78,449.83,200
2024-06-24 08:10:00,449.63,449.87,449.63,449.87,666
2024-06-24 08:15:00,449.85,449.85,449.85,449.85,199
2024-06-24 08:20:00,449.76,449.94,449.76,449.94,1031
2024-06-24 08:25:00,449.8,449.8,449.78,449.78,1051
2024-06-24 08:30:00,449.88,449.9866,449.79,449.9816,3188
2024-06-24 08:35:00,449.72,449.72,449.52,449.52,3385
2024-06-24 08:40:00,449.49,449.49,449.0767,449.37,4140
2024-06-24 08:45:00,449.36,449.36,449.2801,449.2801,309
2024-06-24 08:50:00,449.25,449.5,449.1601,449.5,2100
2024-06-24 08:55:00,449.49,449.55,449.49,449.55,700
2024-06-24 09:00:00,449.5,449.65,449.5,449.65,974
2024-06-24 09:05:00,449.65,449.65,449.44,449.46,5268
2024-06-24 09:10:00,449.36,449.36,449.0,449.04,5148
2024-06-24 09:15:00,449.23,449.31,449.23,449.31,200
2024-06-24 09:20:00,449.5781,449.8,449.5679,449.5679,922
2024-06-24 09:25:00,449.55,450.13,449.545,450.13,8114
2024-06-24 09:30:00,450.05,450.13,448.78,449.26,467263
2024-06-24 09:35:00,449.37,449.37,446.41,446.96,296501
2024-06-24 09:40:00,446.9401,447.555,446.62,447.42,167428
2024-06-24 09:45:00,447.48,448.44,447.4,448.1113,130393
2024-06-24 09:50:00,448.14,449.19,447.903,449.17,128984
2024-06-24 09:55:00,449.2,449.8899,449.06,449.63,155580
2024-06-24 10:00:00,449.595,451.7199,449.55,451.67,290319
2024-06-24 10:05:00,451.44,452.75,451.06,452.5001,255599
2024-06-24 10:10:00,452.5,452.565,451.62,451.63,155391
2024-06-24 10:15:00,451.77,451.93,451.45,451.57,130019
2024-06-24 10:20:00,451.605,451.67,451.09,451.31,104050
2024-06-24 10:25:00,451.31,451.47,449.7275,449.95,205777
2024-06-24 10:30:00,449.95,450.74,449.69,450.05,126131
2024-06-24 10:35:00,450.05,450.62,450.0001,450.11,103246
2024-06-24 10:40:00,450.07,450.07,448.17,448.78,131389
2024-06-24 10:45:00,448.75,449.52,448.67,448.8,108373
2024-06-24 10:50:00,448.72,449.25,448.5,448.96,102221
2024-06-24 10:55:00,448.93,450.36,448.76,450.18,77593
2024-06-24 11:00:00,450.19,450.45,449.8601,450.1,87613
2024-06-24 11:05:00,450.15,450.45,449.81,449.9057,74860
2024-06-24 11:10:00,449.9,450.28,449.51,449.89,72363
2024-06-24 11:15:00,449.935,450.05,449.556,450.045,68686
2024-06-24 11:20:00,450.04,450.15,449.66,449.66,46795
2024-06-24 11:25:00,449.69,450.17,449.32,449.99,72309
2024-06-24 11:30:00,450.065,450.15,449.66,449.9335,58333
2024-06-24 11:35:00,449.93,450.2,449.55,450.08,52976
2024-06-24 11:40:00,450.06,450.37,449.96,450.29,46949
2024-06-24 11:45:00,450.29,450.49,450.02,450.14,36885
2024-06-24 11:50:00,450.19,450.225,449.6,450.05,43373
2024-06-24 11:55:00,450.04,450.235,449.8593,450.23,33407
2024-06-24 12:00:00,450.2,450.27,449.84,449.84,51795
2024-06-24 12:05:00,449.84,449.84,449.08,449.2899,83127
2024-06-24 12:10:00,449.23,449.4,449.08,449.29,40903
2024-06-24 12:15:00,449.29,449.62,449.25,449.54,44557
2024-06-24 12:20:00,449.57,449.73,449.47,449.57,39548
2024-06-24 12:25:00,449.6,449.61,449.2,449.52,49316
2024-06-24 12:30:00,449.45,449.66,449.29,449.4808,30715
2024-06-24 12:35:00,449.515,449.87,449.45,449.615,46285
2024-06-24 12:40:00,449.59,449.7,449.155,449.296,25430
2024-06-24 12:45:00,449.27,449.71,449.16,449.6,29682
2024-06-24 12:50:00,449.6,449.72,449.23,449.25,31530
2024-06-24 12:55:00,449.28,449.48,448.9001,449.38,69505
2024-06-24 13:00:00,449.345,449.52,449.15,449.41,32770
2024-06-24 13:05:00,449.4,449.49,448.66,448.94,76832
2024-06-24 13:10:00,448.8842,449.02,448.43,448.7,58710
2024-06-24 13:15:00,448.7,449.3,448.57,448.86,56007
2024-06-24 13:20:00,448.84,449.08,448.44,448.44,39633
2024-06-24 13:25:00,448.56,449.0,448.44,448.66,37315
2024-06-24 13:30:00,448.65,448.66,447.95,448.025,81334
2024-06-24 13:35:00,448.025,448.96,448.01,448.9,51505
2024-06-24 13:40:00,448.875,448.89,448.458,448.52,41656
2024-06-24 13:45:00,448.53,448.7,448.3,448.53,43022
2024-06-24 13:50:00,448.51,448.57,448.19,448.3901,37919
2024-06-24 13:55:00,448.435,448.82,448.29,448.4,37526
2024-06-24 14:00:00,448.42,448.49,447.72,448.16,54125
2024-06-24 14:05:00,448.1301,448.595,448.08,448.3175,52156
2024-06-24 14:10:00,448.31,448.34,447.87,447.945,49196
2024-06-24 14:15:00,447.93,448.28,447.79,448.2,84426
2024-06-24 14:20:00,448.23,448.47,447.92,448.07,43656
2024-06-24 14:25:00,448.07,448.26,447.85,448.2,36119
2024-06-24 14:30:00,448.195,448.38,447.94,447.94,38080
2024-06-24 14:35:00,447.91,448.39,447.87,448.11,57319
2024-06-24 14:40:00,448.13,448.4,448.01,448.13,42979
2024-06-24 14:45:00,448.135,448.51,448.06,448.2652,60512
2024-06-24 14:50:00,448.28,448.44,448.08,448.151,41930
2024-06-24 14:55:00,448.23,448.2999,448.0,448.12,36063
2024-06-24 15:00:00,448.13,448.7,448.07,448.41,53339
2024-06-24 15:05:00,448.445,448.7,448.37,448.56,34653
2024-06-24 15:10:00,448.56,448.68,448.41,448.455,47205
2024-06-24 15:15:00,448.42,448.49,448.18,448.32,33181
2024-06-24 15:20:00,448.32,448.58,448.1425,448.37,49899
2024-06-24 15:25:00,448.41,448.65,448.1,448.27,48603
2024-06-24 15:30:00,448.32,448.7,448.19,448.23,67930
2024-06-24 15:35:00,448.27,448.31,447.85,448.18,121376
2024-06-24 15:40:00,448.17,448.21,447.84,447.98,62882
2024-06-24 15:45:00,447.995,448.12,447.46,447.73,132026
2024-06-24 15:50:00,447.7,448.25,447.525,447.89,154534
2024-06-24 15:55:00,447.99,448.3,447.33,447.78,574477
2024-06-24 16:00:00,447.67,447.7699,447.25,447.2501,3246661
2024-06-24 16:05:00,447.67,447.67,447.25,447.6,27304
2024-06-24 16:10:00,447.6,447.64,447.4508,447.5,3750
2024-06-24 16:15:00,447.5,447.5,447.46,447.4989,1466
2024-06-24 16:20:00,447.4994,447.5,447.3,447.3,1464
2024-06-24 16:25:00,447.67,447.67,447.29,447.29,3095
2024-06-24 16:30:00,447.11,447.17,446.51,447.17,7436
2024-06-24 16:35:00,447.21,447.28,446.77,447.02,6505
2024-06-24 16:40:00,446.96,447.67,446.96,447.67,4060
2024-06-24 16:45:00,447.1,447.3,447.1,447.11,912
2024-06-24 16:50:00,447.01,447.29,447.01,447.29,1100
2024-06-24 16:55:00,447.17,447.67,447.17,447.23,155071
2024-06-24 17:00:00,447.39,447.4999,447.39,447.4999,400
2024-06-24 17:05:00,447.4999,447.55,447.4999,447.55,2136
2024-06-24 17:10:00,447.6,447.6,447.22,447.3,1984
2024-06-24 17:15:00,447.3,447.54,447.3,447.54,400
2024-06-24 17:20:00,447.4153,447.4153,447.41,447.4116,602
2024-06-24 17:25:00,447.56,447.56,447.5,447.5,275
2024-06-24 17:30:00,447.5093,447.5093,447.5093,447.5093,100
2024-06-24 17:35:00,447.6694,447.6694,447.6694,447.6694,670
2024-06-24 17:40:00,447.56,447.6699,447.56,447.56,1021
2024-06-24 17:45:00,447.67,447.67,447.4,447.4,558
2024-06-24 17:50:00,447.57,447.57,447.57,447.57,210
2024-06-24 18:00:00,447.67,447.94,447.67,447.81,2967
2024-06-24 18:05:00,447.75,447.75,447.75,447.75,100
2024-06-24 18:10:00,447.29,447.29,447.12,447.12,1751
2024-06-24 18:15:00,447.57,447.57,447.57,447.57,128
2024-06-24 18:20:00,447.0,447.0,447.0,447.0,100
2024-06-24 18:25:00,447.2126,447.2126,447.2126,447.2126,300
2024-06-24 18:30:00,447.15,447.6,447.15,447.6,314
2024-06-24 18:35:00,447.75,447.75,447.75,447.75,100
2024-06-24 18:40:00,447.67,447.67,447.67,447.67,1100
2024-06-24 18:45:00,447.32,447.55,447.1501,447.1976,1000
2024-06-24 18:50:00,447.1759,447.57,447.1759,447.57,500
2024-06-24 18:55:00,447.67,447.67,447.67,447.67,100
2024-06-24 19:00:00,447.2101,447.41,447.18,447.18,1561
2024-06-24 19:05:00,447.1685,447.1685,447.1685,447.1685,150
2024-06-24 19:10:00,447.38,447.38,447.15,447.36,872
2024-06-24 19:15:00,447.37,447.65,447.37,447.65,885
2024-06-24 19:30:00,447.83,447.99,447.83,447.99,389
2024-06-24 19:35:00,447.8,447.8,447.8,447.8,211
2024-06-24 19:40:00,447.6749,447.6749,447.6749,447.6749,112
2024-06-24 19:45:00,447.85,447.85,447.6703,447.6703,355
2024-06-24 19:50:00,447.97,448.0,447.97,448.0,1333
2024-06-24 19:55:00,448.3,448.4958,448.3,448.33,1635
2024-06-25 04:00:00,446.06,446.06,446.06,446.06,100
2024-06-25 04:05:00,446.78,446.78,446.75,446.75,300
2024-06-25 04:10:00,446.94,446.95,446.94,446.95,300
2024-06-25 04:15:00,446.97,446.98,446.97,446.98,300
2024-06-25 04:25:00,447.29,447.29,447.29,447.29,500
2024-06-25 04:40:00,447.2,447.2,447.2,447.2,100
2024-06-25 04:45:00,447.12,447.12,447.12,447.12,200
2024-06-25 04:55:00,446.79,446.79,446.78,446.78,706
2024-06-25 05:00:00,447.0,447.0,447.0,447.0,870
2024-06-25 05:05:00,446.95,447.01,446.95,447.01,1793
2024-06-25 05:10:00,446.95,446.95,446.51,446.51,369
2024-06-25 05:20:00,446.59,446.59,446.59,446.59,100
2024-06-25 05:25:00,446.21,446.21,446.21,446.21,130
2024-06-25 05:30:00,446.2,446.2,446.2,446.2,100
2024-06-25 05:45:00,446.1,446.1,446.1,446.1,100
2024-06-25 05:55:00,446.0,446.0,446.0,446.0,348
2024-06-25 06:00:00,446.2,446.2,446.2,446.2,125
2024-06-25 06:15:00,446.23,446.23,446.18,446.18,594
2024-06-25 06:25:00,446.27,446.27,446.27,446.27,107
2024-06-25 06:45:00,446.15,446.2,446.15,446.2,387
2024-06-25 07:00:00,446.4,446.88,446.4,446.88,838
2024-06-25 07:05:00,446.9,446.9,446.9,446.9,106
2024-06-25 07:10:00,446.9,447.25,446.9,447.25,1382
2024-06-25 07:15:00,447.5,447.5,447.5,447.5,100
2024-06-25 07:30:00,447.15,447.15,447.1,447.12,565
2024-06-25 07:35:00,447.12,447.12,447.12,447.12,166
2024-06-25 07:40:00,447.23,447.24,447.0,447.0,516
2024-06-25 07:45:00,447.1,447.1,447.1,447.1,158
2024-06-25 08:00:00,446.39,447.38,446.39,446.82,11040
2024-06-25 08:05:00,447.482,447.482,447.43,447.43,352
2024-06-25 08:10:00,447.67,447.9,447.3948,447.9,2400
2024-06-25 08:15:00,448.0,449.0,448.0,449.0,4172
2024-06-25 08:20:00,448.988,449.4,448.988,449.11,1990
2024-06-25 08:25:00,449.0,449.0,448.69,448.8888,1073
2024-06-25 08:30:00,448.02,448.11,447.82,447.95,1164
2024-06-25 08:35:00,448.74,449.1,448.44,448.58,4961
2024-06-25 08:40:00,448.32,448.32,448.13,448.13,504
2024-06-25 08:45:00,448.43,448.57,448.3682,448.57,2975
2024-06-25 08:50:00,448.2507,448.2507,448.2507,448.2507,500
2024-06-25 08:55:00,448.28,448.5793,448.26,448.5793,3742
2024-06-25 09:00:00,448.58,448.58,448.25,448.35,1250
2024-06-25 09:05:00,448.2509,448.31,448.25,448.25,2179
2024-06-25 09:10:00,448.12,448.2,448.05,448.2,3726
2024-06-25 09:15:00,448.1735,448.1735,448.1003,448.17,888
2024-06-25 09:20:00,448.1,448.1695,448.1,448.1695,1272
2024-06-25 09:25:00,448.12,448.33,447.76,448.05,6551
2024-06-25 09:30:00,448.06,449.0,447.0,447.7199,532216
2024-06-25 09:35:00,447.58,448.355,446.88,447.59,174397
2024-06-25 09:40:00,447.555,447.61,446.75,447.02,149666
2024-06-25 09:45:00,446.93,448.63,446.9,447.75,142587
2024-06-25 09:50:00,447.76,448.0164,447.36,447.77,62618
2024-06-25 09:55:00,447.69,448.085,447.51,447.645,108210
2024-06-25 10:00:00,447.645,447.89,446.93,447.4856,121670
2024-06-25 10:05:00,447.485,448.38,447.43,448.25,100118
2024-06-25 10:10:00,448.2025,449.06,448.17,448.845,107843
2024-06-25 10:15:00,448.85,448.96,448.37,448.63,83037
2024-06-25 10:20:00,448.585,449.28,448.53,449.1,91944
2024-06-25 10:25:00,449.2,449.4,448.77,448.92,130862
2024-06-25 10:30:00,448.97,450.12,448.9301,449.665,169469
2024-06-25 10:35:00,449.68,449.99,449.43,449.8286,69647
2024-06-25 10:40:00,449.8399,450.07,449.6401,449.73,75979
2024-06-25 10:45:00,449.73,449.755,449.14,449.48,88545
2024-06-25 10:50:00,449.49,449.57,449.0,449.21,71468
2024-06-25 10:55:00,449.23,449.24,448.73,449.0,63111
2024-06-25 11:00:00,449.035,449.26,448.86,448.98,85174
2024-06-25 11:05:00,449.0,449.0791,448.54,448.7,57299
2024-06-25 11:10:00,448.64,449.4,448.55,449.4,68522
2024-06-25 11:15:00,449.355,449.76,449.33,449.48,66022
2024-06-25 11:20:00,449.47,449.7,449.28,449.7,41167
2024-06-25 11:25:00,449.7,449.7,449.1926,449.51,54132
2024-06-25 11:30:00,449.495,449.55,449.18,449.33,45725
2024-06-25 11:35:00,449.34,449.46,448.985,449.21,55137
2024-06-25 11:40:00,449.19,449.29,449.01,449.1699,47542
2024-06-25 11:45:00,449.13,449.45,448.93,449.22,62696
2024-06-25 11:50:00,449.21,449.51,449.19,449.475,54870
2024-06-25 11:55:00,449.48,450.07,449.455,449.94,92467
2024-06-25 12:00:00,449.91,450.09,449.6007,450.0516,49256
2024-06-25 12:05:00,450.01,450.3,449.73,449.82,84757
2024-06-25 12:10:00,449.795,449.84,449.5,449.518,48438
2024-06-25 12:15:00,449.55,449.74,449.28,449.421,53874
2024-06-25 12:20:00,449.435,449.6,449.12,449.44,40315
2024-06-25 12:25:00,449.41,449.66,449.36,449.36,52857
2024-06-25 12:30:00,449.385,449.42,449.07,449.1,65520
2024-06-25 12:35:00,449.08,449.42,448.992,449.3925,34813
2024-06-25 12:40:00,449.38,449.48,449.19,449.36,36543
2024-06-25 12:45:00,449.33,449.4,448.82,449.35,48594
2024-06-25 12:50:00,449.335,449.45,448.84,448.9864,28692
2024-06-25 12:55:00,449.0,449.2,448.81,449.2,45813
2024-06-25 13:00:00,449.06,449.19,448.71,448.89,22738
2024-06-25 13:05:00,448.84,449.52,448.73,449.47,44328
2024-06-25 13:10:00,449.45,449.75,449.36,449.704,57527
2024-06-25 13:15:00,449.65,449.65,449.3233,449.58,38612
2024-06-25 13:20:00,449.58,449.65,449.36,449.46,17001
2024-06-25 13:25:00,449.5358,449.68,449.48,449.56,28511
2024-06-25 13:30:00,449.51,449.5899,449.4,449.42,34319
2024-06-25 13:35:00,449.425,449.6903,449.35,449.5099,24934
2024-06-25 13:40:00,449.46,449.7354,449.46,449.6501,24551
2024-06-25 13:45:00,449.72,449.8,449.6403,449.78,35803
2024-06-25 13:50:00,449.8,449.93,449.6913,449.76,31048
2024-06-25 13:55:00,449.77,449.85,449.634,449.835,34873
2024-06-25 14:00:00,449.85,449.93,449.76,449.93,52557
2024-06-25 14:05:00,449.9,450.07,449.77,449.97,55441
2024-06-25 14:10:00,449.975,450.28,449.85,449.85,51885
2024-06-25 14:15:00,449.85,450.04,449.81,449.9329,31117
2024-06-25 14:20:00,449.92,450.01,449.76,449.9,58567
2024-06-25 14:25:00,449.88,450.29,449.84,450.275,31424
2024-06-25 14:30:00,450.3,450.3499,450.015,450.015,43500
2024-06-25 14:35:00,450.03,450.225,449.91,450.1042,36563
2024-06-25 14:40:00,450.135,450.3,450.085,450.3,25495
2024-06-25 14:45:00,450.295,450.35,449.56,449.915,62612
2024-06-25 14:50:00,449.92,450.2393,449.9158,450.14,43691
2024-06-25 14:55:00,450.13,450.29,449.915,450.24,41814
2024-06-25 15:00:00,450.22,450.28,450.06,450.07,40586
2024-06-25 15:05:00,450.04,450.24,450.03,450.19,50924
2024-06-25 15:10:00,450.12,450.3582,450.0607,450.18,59227
2024-06-25 15:15:00,450.2,450.73,450.2,450.525,62435
2024-06-25 15:20:00,450.55,450.7,450.5,450.6,37109
2024-06-25 15:25:00,450.56,450.73,450.32,450.73,48978
2024-06-25 15:30:00,450.69,450.69,450.29,450.36,36424
2024-06-25 15:35:00,450.38,450.56,450.21,450.4499,54245
2024-06-25 15:40:00,450.425,450.57,450.14,450.23,50018
2024-06-25 15:45:00,450.2291,450.4399,450.11,450.15,67325
2024-06-25 15:50:00,450.1,451.1,450.05,451.06,146572
2024-06-25 15:55:00,451.04,451.42,450.71,450.93,433848
2024-06-25 16:00:00,450.97,451.09,450.95,451.03,4921579
2024-06-25 16:05:00,451.08,451.54,450.95,450.95,37621
2024-06-25 16:10:00,451.0,451.0,450.9,451.0,644
2024-06-25 16:15:00,450.9602,451.07,450.95,451.05,6831
2024-06-25 16:20:00,451.05,451.07,451.05,451.05,500
2024-06-25 16:25:00,451.05,451.05,451.05,451.05,1128
2024-06-25 16:30:00,450.94,450.9586,450.94,450.94,881
2024-06-25 16:35:00,450.94,450.95,450.9,450.94,1359
2024-06-25 16:40:00,450.9832,451.15,450.95,451.15,1868
2024-06-25 16:45:00,451.15,451.15,451.15,451.15,281
2024-06-25 16:50:00,450.95,450.95,450.95,450.95,270498
2024-06-25 16:55:00,451.0,451.0,451.0,451.0,400
2024-06-25 17:00:00,450.73,450.9,450.73,450.9,1730
2024-06-25 17:05:00,451.1,451.19,451.06,451.18,2090
2024-06-25 17:15:00,451.15,451.1799,451.15,451.1799,300
2024-06-25 17:25:00,451.0,451.0,451.0,451.0,657
2024-06-25 17:30:00,451.19,451.19,451.19,451.19,213
2024-06-25 17:35:00,450.97,451.19,450.97,451.19,1367
2024-06-25 17:40:00,451.1801,451.19,450.8205,451.19,2180
2024-06-25 18:00:00,450.85,450.85,450.75,450.75,1128
2024-06-25 18:05:00,450.85,450.9,450.85,450.9,300
2024-06-25 18:10:00,450.85,450.89,450.61,450.61,827
2024-06-25 18:20:00,450.8,450.8,450.8,450.8,400
2024-06-25 18:25:00,450.6945,450.6945,450.6945,450.6945,123
2024-06-25 18:30:00,450.62,450.62,450.62,450.62,120
2024-06-25 18:35:00,450.95,450.95,450.8,450.8,1155
2024-06-25 18:40:00,450.61,450.61,450.53,450.53,343
2024-06-25 19:20:00,450.51,450.51,450.0,450.21,3272
2024-06-25 19:25:00,450.94,450.94,450.92,450.92,200
2024-06-25 19:30:00,450.0201,450.0292,450.02,450.02,706
2024-06-25 19:45:00,450.6,450.6,450.31,450.31,1250
2024-06-25 19:50:00,450.56,450.65,450.56,450.65,2351
2024-06-25 19:55:00,450.5001,450.65,450.5001,450.65,1004
2024-06-26 04:10:00,452.45,452.45,452.38,452.38,236
2024-06-26 04:20:00,452.0,452.0,451.95,451.95,201
2024-06-26 04:25:00,451.79,451.82,451.79,451.82,222
2024-06-26 04:30:00,451.99,451.99,451.99,451.99,108
2024-06-26 04:40:00,452.0,452.0,452.0,452.0,100
2024-06-26 05:00:00,451.27,451.27,451.27,451.27,108
2024-06-26 05:05:00,451.1,451.31,451.1,451.3,496
2024-06-26 06:15:00,450.65,450.65,450.65,450.65,100
2024-06-26 06:40:00,450.75,450.98,450.75,450.98,280
2024-06-26 06:45:00,450.64,450.85,450.64,450.85,248
2024-06-26 06:50:00,451.0,451.0,450.85,450.85,1012
2024-06-26 06:55:00,450.85,450.85,450.85,450.85,200
2024-06-26 07:00:00,450.85,450.85,450.85,450.85,100
2024-06-26 07:05:00,450.55,450.55,450.2,450.2,720
2024-06-26 07:10:00,450.52,450.52,450.52,450.52,100
2024-06-26 07:15:00,450.3,450.3,450.3,450.3,484
2024-06-26 07:20:00,450.0,450.0,450.0,450.0,200
2024-06-26 07:30:00,449.7,449.7,449.7,449.7,198
2024-06-26 07:40:00,449.55,449.55,449.55,449.55,315
2024-06-26 07:45:00,449.41,449.45,449.38,449.45,1094
2024-06-26 07:50:00,449.5,449.51,449.4,449.43,1309
2024-06-26 07:55:00,449.6,449.71,449.6,449.71,418
2024-06-26 08:00:00,450.71,452.36,449.39,449.86,7996
2024-06-26 08:05:00,449.88,449.88,449.73,449.73,1459
2024-06-26 08:10:00,449.95,449.95,449.71,449.71,2504
2024-06-26 08:15:00,449.71,449.8,449.71,449.78,1682
2024-06-26 08:20:00,449.8,449.9483,449.8,449.9483,1356
2024-06-26 08:25:00,449.76,449.85,449.55,449.85,2428
2024-06-26 08:30:00,449.8996,449.8996,449.82,449.8896,312
2024-06-26 08:35:00,449.76,449.85,449.76,449.85,1111
2024-06-26 08:40:00,449.9,450.0,449.9,450.0,2078
2024-06-26 08:45:00,450.0,450.0,449.9994,449.9994,300
2024-06-26 08:50:00,449.87,449.87,449.73,449.73,1046
2024-06-26 08:55:00,449.9333,449.9333,449.71,449.71,5591
2024-06-26 09:00:00,449.6,450.45,449.51,450.45,3945
2024-06-26 09:05:00,450.285,450.285,449.85,449.85,547
2024-06-26 09:10:00,449.77,449.91,449.77,449.91,500
2024-06-26 09:15:00,450.13,450.459,450.13,450.13,1900
2024-06-26 09:20:00,450.3,450.3,449.91,449.91,802
2024-06-26 09:25:00,449.83,449.83,447.8,448.59,22971
2024-06-26 09:30:00,448.75,449.64,448.19,448.99,490358
2024-06-26 09:35:00,448.98,449.77,448.85,449.225,120103
2024-06-26 09:40:00,449.26,449.65,449.12,449.215,156153
2024-06-26 09:45:00,449.24,450.275,449.15,449.8,158971
2024-06-26 09:50:00,449.8,450.804,449.43,450.29,106456
2024-06-26 09:55:00,450.23,450.7,449.96,450.43,108034
2024-06-26 10:00:00,450.5,451.6899,450.5,451.5204,102981
2024-06-26 10:05:00,451.49,451.51,450.71,451.005,95992
2024-06-26 10:10:00,451.07,451.14,450.26,450.545,75003
2024-06-26 10:15:00,450.54,450.8499,450.14,450.55,106240
2024-06-26 10:20:00,450.49,451.1333,450.08,450.965,116120
2024-06-26 10:25:00,451.0,451.35,450.7,450.9401,102894
2024-06-26 10:30:00,451.01,452.1,450.995,452.0001,86232
2024-06-26 10:35:00,452.0598,452.24,451.5,451.965,95728
2024-06-26 10:40:00,452.0,452.73,451.87,452.71,72892
2024-06-26 10:45:00,452.7499,453.4871,452.63,453.45,149614
2024-06-26 10:50:00,453.41,453.5885,453.0,453.4739,107524
2024-06-26 10:55:00,453.4758,453.4758,452.68,453.105,111829
2024-06-26 11:00:00,453.09,453.41,452.87,452.94,121968
2024-06-26 11:05:00,452.9065,453.2291,452.52,452.6,95543
2024-06-26 11:10:00,452.5602,452.61,451.73,451.73,91316
2024-06-26 11:15:00,451.75,452.65,451.65,452.63,52679
2024-06-26 11:20:00,452.635,453.165,452.57,452.97,58570
2024-06-26 11:25:00,452.98,453.3143,452.82,453.1,66553
2024-06-26 11:30:00,453.1,453.22,452.53,452.7,52481
2024-06-26 11:35:00,452.74,452.99,452.57,452.805,56920
2024-06-26 11:40:00,452.805,452.89,452.47,452.89,46718
2024-06-26 11:45:00,452.8565,452.88,452.33,452.61,48010
2024-06-26 11:50:00,452.664,453.6,452.55,453.58,67838
2024-06-26 11:55:00,453.6,453.6,453.02,453.38,74322
2024-06-26 12:00:00,453.3776,453.3821,452.8543,453.01,64437
2024-06-26 12:05:00,453.04,453.04,452.372,452.395,108777
2024-06-26 12:10:00,452.42,452.74,452.3101,452.5,48272
2024-06-26 12:15:00,452.51,452.66,452.2,452.45,55317
2024-06-26 12:20:00,452.395,452.74,452.29,452.43,52458
2024-06-26 12:25:00,452.4,453.01,452.31,452.73,53871
2024-06-26 12:30:00,452.725,453.04,452.62,453.025,31061
2024-06-26 12:35:00,453.06,453.11,452.63,452.897,45948
2024-06-26 12:40:00,452.89,452.98,452.35,452.4542,53928
2024-06-26 12:45:00,452.52,452.87,452.3,452.37,27271
2024-06-26 12:50:00,452.4,452.79,452.37,452.76,30475
2024-06-26 12:55:00,452.76,452.76,452.445,452.63,26563
2024-06-26 13:00:00,452.575,452.7,452.42,452.615,33480
2024-06-26 13:05:00,452.59,452.67,452.27,452.46,27306
2024-06-26 13:10:00,452.47,452.78,452.44,452.62,48408
2024-06-26 13:15:00,452.61,452.625,451.55,451.55,89259
2024-06-26 13:20:00,451.57,451.8,451.3499,451.57,53997
2024-06-26 13:25:00,451.57,451.91,451.55,451.8301,44682
2024-06-26 13:30:00,451.81,452.09,451.71,452.07,25103
2024-06-26 13:35:00,452.03,452.183,451.86,452.183,34193
2024-06-26 13:40:00,452.14,452.145,451.78,452.04,23614
2024-06-26 13:45:00,452.1088,452.1543,451.875,451.88,37780
2024-06-26 13:50:00,451.93,451.98,451.32,451.46,61991
2024-06-26 13:55:00,451.49,452.18,451.485,452.0896,45854
2024-06-26 14:00:00,452.05,452.09,451.81,452.08,43679
2024-06-26 14:05:00,452.09,452.19,451.65,451.86,92459
2024-06-26 14:10:00,451.85,451.9,451.73,451.74,41817
2024-06-26 14:15:00,451.75,451.98,451.62,451.6698,56488
2024-06-26 14:20:00,451.66,451.95,451.42,451.935,47593
2024-06-26 14:25:00,451.94,451.95,451.3888,451.5684,38142
2024-06-26 14:30:00,451.58,452.06,451.52,451.9463,42882
2024-06-26 14:35:00,451.97,451.98,451.34,451.41,34593
2024-06-26 14:40:00,451.41,451.4899,450.87,451.2365,122145
2024-06-26 14:45:00,451.26,451.7,451.245,451.64,32825
2024-06-26 14:50:00,451.6331,451.68,451.35,451.5,28147
2024-06-26 14:55:00,451.5102,451.77,451.23,451.62,42507
2024-06-26 15:00:00,451.63,451.79,451.46,451.61,36952
2024-06-26 15:05:00,451.625,451.76,451.43,451.63,27760
2024-06-26 15:10:00,451.52,451.74,451.395,451.715,45256
2024-06-26 15:15:00,451.73,451.79,451.4562,451.61,58797
2024-06-26 15:20:00,451.6,451.9,451.45,451.562,43152
2024-06-26 15:25:00,451.58,451.58,451.39,451.43,28155
2024-06-26 15:30:00,451.405,451.67,451.285,451.57,24394
2024-06-26 15:35:00,451.57,451.82,451.5574,451.67,31234
2024-06-26 15:40:00,451.73,451.73,451.51,451.7,37208
2024-06-26 15:45:00,451.68,451.69,451.09,451.09,59079
2024-06-26 15:50:00,451.15,451.53,450.87,451.48,156732
2024-06-26 15:55:00,451.43,452.59,451.34,452.12,369675
2024-06-26 16:00:00,452.09,452.2612,450.8,450.8,3545473
2024-06-26 16:05:00,452.16,452.16,451.5372,451.5372,17393
2024-06-26 16:10:00,451.84,452.16,451.52,451.52,4232
2024-06-26 16:15:00,452.16,452.16,450.834,451.8,9674
2024-06-26 16:20:00,451.87,451.94,451.87,451.94,300
2024-06-26 16:25:00,451.59,451.59,451.59,451.59,100
2024-06-26 16:30:00,451.7,451.7,451.372,451.57,989
2024-06-26 16:35:00,451.4889,451.4889,451.4889,451.4889,112
2024-06-26 16:40:00,451.6,451.6,451.6,451.6,200
2024-06-26 16:50:00,451.8,451.8,451.49,451.49,220
2024-06-26 17:10:00,451.86,451.86,451.86,451.86,500
2024-06-26 17:20:00,451.5245,451.5245,451.5245,451.5245,200
2024-06-26 17:25:00,451.86,451.86,451.86,451.86,200
2024-06-26 17:35:00,451.86,451.86,451.8,451.8,804
2024-06-26 17:40:00,451.71,451.71,451.71,451.71,100
2024-06-26 17:45:00,451.85,451.85,451.85,451.85,100
2024-06-26 17:55:00,451.95,451.95,451.95,451.95,281
2024-06-26 18:05:00,451.8914,451.8914,451.8914,451.8914,143
2024-06-26 18:10:00,452.16,452.16,451.75,451.75,352
2024-06-26 18:15:00,452.0,452.0,452.0,452.0,199
2024-06-26 18:40:00,451.7,451.7,451.7,451.7,400
2024-06-26 18:50:00,451.61,451.61,451.61,451.61,400
2024-06-26 18:55:00,451.7,451.7,451.7,451.7,200
2024-06-26 19:00:00,451.8,451.8,451.8,451.8,350
2024-06-26 19:05:00,451.5021,451.5021,451.5021,451.5021,200
2024-06-26 19:10:00,451.8382,451.8382,451.4662,451.4662,250
2024-06-26 19:15:00,451.49,451.49,451.41,451.41,294
2024-06-26 19:20:00,451.25,451.25,451.25,451.25,1250
2024-06-26 19:25:00,451.0,451.0,451.0,451.0,100
2024-06-26 19:30:00,450.89,450.99,450.89,450.9,1328
2024-06-26 19:40:00,451.25,451.25,451.25,451.25,563
2024-06-26 19:45:00,451.2,451.2,450.97,450.97,1744
2024-06-26 19:55:00,451.21,451.3,451.21,451.3,367
2024-06-27 04:00:00,451.52,451.52,451.51,451.51,407
2024-06-27 04:05:00,451.64,451.64,451.64,451.64,191
2024-06-27 04:10:00,451.72,451.72,451.72,451.72,200
2024-06-27 04:15:00,451.62,451.62,451.62,451.62,100
2024-06-27 04:35:00,451.53,451.61,451.53,451.61,498
2024-06-27 04:50:00,451.63,451.63,451.63,451.63,100
2024-06-27 05:05:00,451.6,451.6,451.6,451.6,292
2024-06-27 05:45:00,452.0,452.0,452.0,452.0,298
2024-06-27 06:00:00,452.16,452.16,452.16,452.16,209
2024-06-27 06:40:00,452.39,452.39,452.39,452.39,189
2024-06-27 06:50:00,452.22,452.22,452.22,452.22,150
2024-06-27 07:00:00,452.2,452.2,452.1,452.1,386
2024-06-27 07:05:00,452.15,452.15,452.15,452.15,100
2024-06-27 07:10:00,452.1,452.1,452.1,452.1,164
2024-06-27 07:15:00,452.0,452.0,451.92,451.92,967
2024-06-27 07:20:00,452.06,452.06,452.0,452.0,300
2024-06-27 07:25:00,452.2,452.25,452.2,452.25,1344
2024-06-27 07:30:00,452.2,452.2,452.0,452.0,944
2024-06-27 07:35:00,452.12,452.12,452.12,452.12,113
2024-06-27 07:40:00,452.13,452.13,452.13,452.13,100
2024-06-27 07:45:00,452.01,452.01,452.01,452.01,200
2024-06-27 07:50:00,451.91,451.91,451.69,451.84,641
2024-06-27 08:00:00,451.9319,452.39,451.8,452.01,4815
2024-06-27 08:05:00,451.82,451.82,451.75,451.81,708
2024-06-27 08:10:00,452.08,452.08,452.08,452.08,210
2024-06-27 08:15:00,451.81,451.81,451.81,451.81,100
2024-06-27 08:20:00,451.9,451.9,451.81,451.81,1070
2024-06-27 08:25:00,451.6501,451.71,451.6501,451.71,575
2024-06-27 08:30:00,451.85,452.27,451.85,452.27,500
2024-06-27 08:35:00,452.3799,452.3799,452.24,452.24,700
2024-06-27 08:45:00,452.07,452.07,452.07,452.07,100
2024-06-27 08:50:00,452.1,452.35,452.1,452.35,3870
2024-06-27 08:55:00,452.2711,452.5,452.2711,452.5,2075
2024-06-27 09:00:00,452.3,452.3,452.3,452.3,275
2024-06-27 09:05:00,452.36,452.42,452.36,452.3663,668
2024-06-27 09:10:00,452.31,452.31,452.31,452.31,734
2024-06-27 09:15:00,452.478,452.5,452.478,452.5,600
2024-06-27 09:20:00,452.43,452.4601,452.43,452.4601,500
2024-06-27 09:25:00,452.32,452.32,452.0115,452.0115,3357
2024-06-27 09:30:00,452.02,454.5,451.77,454.2717,429832
2024-06-27 09:35:00,454.275,455.16,454.04,455.0,236033
2024-06-27 09:40:00,455.0,455.13,454.4,454.66,180063
2024-06-27 09:45:00,454.7,455.761,454.675,455.2399,233143
2024-06-27 09:50:00,455.24,455.24,454.03,454.705,162825
2024-06-27 09:55:00,454.705,455.04,454.265,454.895,117606
2024-06-27 10:00:00,454.85,455.32,454.52,454.96,152796
2024-06-27 10:05:00,455.01,455.35,454.62,454.72,75185
2024-06-27 10:10:00,454.7,455.605,454.68,455.5725,120790
2024-06-27 10:15:00,455.59,455.96,455.4,455.44,147171
2024-06-27 10:20:00,455.42,456.0,455.295,455.59,138055
2024-06-27 10:25:00,455.6357,456.17,455.49,456.05,122456
2024-06-27 10:30:00,456.07,456.07,455.51,455.8,108828
2024-06-27 10:35:00,455.78,455.79,455.17,455.61,106968
2024-06-27 10:40:00,455.58,455.72,455.26,455.35,86953
2024-06-27 10:45:00,455.31,455.3188,454.78,455.0245,110794
2024-06-27 10:50:00,455.0634,455.15,454.45,455.13,95139
2024-06-27 10:55:00,455.17,455.4885,454.9801,455.32,48521
2024-06-27 11:00:00,455.31,455.4599,455.14,455.32,50911
2024-06-27 11:05:00,455.32,455.463,454.98,455.185,55876
2024-06-27 11:10:00,455.2,455.52,455.17,455.35,50428
2024-06-27 11:15:00,455.3926,455.7,455.23,455.51,54418
2024-06-27 11:20:00,455.52,455.53,454.82,455.01,47261
2024-06-27 11:25:00,455.03,455.27,454.268,454.68,57729
2024-06-27 11:30:00,454.68,454.68,453.585,453.68,116383
2024-06-27 11:35:00,453.72,454.18,453.54,454.0989,58916
2024-06-27 11:40:00,454.13,454.13,452.87,452.98,84952
2024-06-27 11:45:00,453.03,453.49,452.905,453.47,61349
2024-06-27 11:50:00,453.4,453.74,453.2501,453.71,50230
2024-06-27 11:55:00,453.74,453.83,453.41,453.7351,62400
2024-06-27 12:00:00,453.65,453.95,453.63,453.8701,54213
2024-06-27 12:05:00,453.87,454.05,453.71,453.94,52524
2024-06-27 12:10:00,453.93,454.08,453.8801,454.005,39828
2024-06-27 12:15:00,454.01,454.3898,453.99,454.384,77709
2024-06-27 12:20:00,454.42,454.66,454.255,454.59,50406
2024-06-27 12:25:00,454.56,454.61,454.05,454.14,41023
2024-06-27 12:30:00,454.15,454.2,453.86,453.86,41859
2024-06-27 12:35:00,453.865,453.965,453.66,453.855,36899
2024-06-27 12:40:00,453.855,454.17,453.6747,454.145,46389
2024-06-27 12:45:00,454.145,454.2,453.794,453.885,40405
2024-06-27 12:50:00,453.89,454.14,453.85,453.9001,29777
2024-06-27 12:55:00,453.97,454.08,453.86,453.895,25734
2024-06-27 13:00:00,453.91,454.12,453.85,454.07,31558
2024-06-27 13:05:00,454.04,454.07,453.59,453.67,44980
2024-06-27 13:10:00,453.6101,453.685,453.28,453.37,45350
2024-06-27 13:15:00,453.38,453.65,453.34,453.46,21913
2024-06-27 13:20:00,453.46,453.75,453.3,453.75,47990
2024-06-27 13:25:00,453.8,454.16,453.8,454.0042,96076
2024-06-27 13:30:00,454.021,454.28,453.91,454.1358,63650
2024-06-27 13:35:00,454.1,454.44,454.1,454.34,35800
2024-06-27 13:40:00,454.39,454.5493,454.06,454.11,33013
2024-06-27 13:45:00,454.16,454.18,453.89,453.89,35220
2024-06-27 13:50:00,453.87,453.91,453.625,453.75,42326
2024-06-27 13:55:00,453.76,453.77,453.5,453.54,41984
2024-06-27 14:00:00,453.49,453.5012,452.71,453.015,85804
2024-06-27 14:05:00,452.92,453.36,452.91,453.195,48666
2024-06-27 14:10:00,453.165,453.28,452.86,453.01,35185
2024-06-27 14:15:00,453.015,453.11,452.61,452.96,48221
2024-06-27 14:20:00,453.01,453.33,452.85,453.1752,38541
2024-06-27 14:25:00,453.15,453.26,452.87,452.87,31735
2024-06-27 14:30:00,452.91,453.12,452.75,453.065,46496
2024-06-27 14:35:00,453.11,453.16,452.79,452.79,48010
2024-06-27 14:40:00,452.79,452.88,452.06,452.15,93952
2024-06-27 14:45:00,452.19,452.5099,451.88,452.0671,109017
2024-06-27 14:50:00,452.115,452.48,452.0301,452.345,45242
2024-06-27 14:55:00,452.37,452.81,452.355,452.81,72846
2024-06-27 15:00:00,452.87,453.0499,452.654,452.74,65723
2024-06-27 15:05:00,452.77,452.79,452.4102,452.6426,54121
2024-06-27 15:10:00,452.65,452.96,452.65,452.93,53539
2024-06-27 15:15:00,452.94,452.94,452.4489,452.6,50230
2024-06-27 15:20:00,452.6,452.68,452.24,452.385,57022
2024-06-27 15:25:00,452.38,452.46,452.12,452.315,67268
2024-06-27 15:30:00,452.29,452.522,452.2,452.2,66844
2024-06-27 15:35:00,452.25,452.6,452.22,452.51,58881
2024-06-27 15:40:00,452.53,452.74,452.35,452.36,84714
2024-06-27 15:45:00,452.35,452.85,452.35,452.76,86561
2024-06-27 15:50:00,452.71,452.78,452.23,452.39,161937
2024-06-27 15:55:00,452.39,453.22,452.34,453.03,674928
2024-06-27 16:00:00,452.83,453.15,452.01,452.83,3219749
2024-06-27 16:05:00,452.85,453.44,452.83,452.99,22879
2024-06-27 16:10:00,452.95,453.44,452.95,453.1,1403
2024-06-27 16:15:00,453.1,453.4391,452.85,453.09,1878
2024-06-27 16:20:00,453.09,453.52,453.09,453.5198,2405
2024-06-27 16:30:00,453.28,453.28,453.13,453.13,900
2024-06-27 16:35:00,452.98,452.98,451.94,452.85,5694
2024-06-27 16:40:00,452.95,453.19,452.83,452.83,700
2024-06-27 16:45:00,452.85,452.85,452.85,452.85,1806
2024-06-27 17:05:00,452.55,452.75,452.55,452.75,1100
2024-06-27 17:10:00,452.57,452.57,451.77,452.25,4124
2024-06-27 17:15:00,452.22,452.38,452.22,452.22,300
2024-06-27 17:20:00,452.22,452.22,452.22,452.22,101
2024-06-27 17:25:00,452.37,452.46,452.24,452.46,620
2024-06-27 17:30:00,452.46,452.55,452.46,452.55,252
2024-06-27 17:35:00,452.52,452.52,452.52,452.52,514
2024-06-27 17:40:00,452.46,452.5,452.46,452.5,210
2024-06-27 17:45:00,452.47,452.52,452.47,452.52,600
2024-06-27 17:50:00,452.633,452.633,452.633,452.633,300
2024-06-27 18:00:00,452.5,452.5013,452.5,452.5013,850
2024-06-27 18:05:00,452.71,452.8,452.71,452.8,1175
2024-06-27 18:10:00,452.5,453.17,452.5,453.17,415
2024-06-27 18:20:00,453.23,453.23,453.21,453.21,281
2024-06-27 18:25:00,452.9,452.9,452.9,452.9,139
2024-06-27 18:30:00,453.4189,453.52,453.4189,453.45,4792
2024-06-27 18:35:00,453.45,453.45,453.45,453.45,330
2024-06-27 18:40:00,453.45,453.45,453.45,453.45,144
2024-06-27 18:45:00,453.23,453.23,453.1,453.1,299
2024-06-27 18:50:00,453.12,453.12,453.12,453.12,500
2024-06-27 19:05:00,453.5008,453.5008,453.5008,453.5008,500
2024-06-27 19:10:00,453.94,453.96,453.81,453.81,300
2024-06-27 19:20:00,453.6,453.6,453.6,453.6,936
2024-06-27 19:25:00,453.51,453.51,453.51,453.51,106
2024-06-27 19:30:00,453.61,453.79,453.61,453.79,350
2024-06-27 19:35:00,453.7,453.75,453.64,453.64,433
2024-06-27 19:40:00,453.5076,453.5076,453.5076,453.5076,200
2024-06-27 19:45:00,453.53,453.53,453.53,453.53,192
2024-06-27 19:50:00,453.8,453.8,453.53,453.53,901
2024-06-27 19:55:00,453.7,453.7,453.5,453.55,585
2024-06-28 04:05:00,453.7,453.7,453.7,453.7,884
2024-06-28 05:05:00,454.34,454.34,454.34,454.34,100
2024-06-28 05:10:00,454.33,454.33,454.33,454.33,125
2024-06-28 05:30:00,454.78,454.78,454.78,454.78,400
2024-06-28 05:35:00,454.77,455.0,454.77,455.0,400
2024-06-28 05:40:00,454.95,454.95,454.95,454.95,220
2024-06-28 06:00:00,454.47,454.47,454.47,454.47,200
2024-06-28 06:30:00,454.36,454.36,454.25,454.25,322
2024-06-28 06:55:00,454.3,454.3,454.3,454.3,100
2024-06-28 07:00:00,454.26,454.26,454.2,454.2,754
2024-06-28 07:05:00,454.03,454.25,454.03,454.25,465
2024-06-28 07:10:00,454.33,454.33,454.33,454.33,100
2024-06-28 07:15:00,454.19,454.19,454.18,454.18,250
2024-06-28 07:25:00,454.03,454.03,453.97,453.97,644
2024-06-28 07:30:00,454.0,454.17,454.0,454.17,600
2024-06-28 08:00:00,454.38,454.9,453.5656,453.5656,8549
2024-06-28 08:05:00,453.7,453.7,453.65,453.7,1019
2024-06-28 08:10:00,453.62,453.7,453.62,453.7,1456
2024-06-28 08:15:00,453.7,453.95,453.7,453.95,1463
2024-06-28 08:20:00,453.94,453.94,453.62,453.65,752
2024-06-28 08:25:00,453.7,453.7891,453.37,453.78,4344
2024-06-28 08:30:00,453.5,454.1,453.2335,453.5,7700
2024-06-28 08:35:00,453.36,453.5,453.35,453.4,3297
2024-06-28 08:40:00,453.5,453.5,452.61,452.85,4927
2024-06-28 08:45:00,452.68,452.78,452.63,452.63,1533
2024-06-28 08:50:00,452.7,452.7,452.0,452.04,3804
2024-06-28 08:55:00,452.1,452.28,452.05,452.28,4784
2024-06-28 09:00:00,452.17,452.3,452.04,452.2544,4551
2024-06-28 09:05:00,452.2572,452.3,452.25,452.26,3701
2024-06-28 09:10:00,452.3,452.5468,452.26,452.541,4193
2024-06-28 09:15:00,452.46,452.541,452.04,452.09,2484
2024-06-28 09:20:00,452.21,452.21,452.04,452.06,3895
2024-06-28 09:25:00,452.19,453.53,452.19,453.19,15397
2024-06-28 09:30:00,453.1,453.179,451.795,452.19,415076
2024-06-28 09:35:00,452.16,452.6235,451.605,452.07,164304
2024-06-28 09:40:00,452.05,452.88,451.92,452.84,179191
2024-06-28 09:45:00,452.855,453.57,452.855,453.31,147323
2024-06-28 09:50:00,453.37,453.7,453.23,453.33,125985
2024-06-28 09:55:00,453.33,453.9,453.01,453.88,108049
2024-06-28 10:00:00,453.9,454.77,453.75,454.65,140961
2024-06-28 10:05:00,454.716,455.38,454.58,455.05,157490
2024-06-28 10:10:00,455.05,455.34,454.78,454.96,116432
2024-06-28 10:15:00,454.99,455.15,454.39,454.51,109868
2024-06-28 10:20:00,454.6,454.78,454.37,454.52,64930
2024-06-28 10:25:00,454.4977,454.68,454.16,454.1901,90583
2024-06-28 10:30:00,454.2042,454.75,454.02,454.6337,128638
2024-06-28 10:35:00,454.64,454.71,454.27,454.31,75707
2024-06-28 10:40:00,454.25,454.34,453.8128,454.23,102530
2024-06-28 10:45:00,454.2,455.16,454.02,455.01,198195
2024-06-28 10:50:00,455.0,455.0,453.61,453.79,96772
2024-06-28 10:55:00,453.74,454.065,453.35,454.055,120068
2024-06-28 11:00:00,454.01,454.11,453.09,453.54,83209
2024-06-28 11:05:00,453.51,453.58,452.5,452.845,129004
2024-06-28 11:10:00,452.8,453.08,452.63,452.915,120748
2024-06-28 11:15:00,452.88,453.1499,452.79,453.055,98635
2024-06-28 11:20:00,453.09,453.64,453.075,453.35,82102
2024-06-28 11:25:00,453.34,453.38,452.74,452.97,88806
2024-06-28 11:30:00,452.95,453.74,452.88,453.62,67561
2024-06-28 11:35:00,453.6,453.94,453.18,453.94,73784
2024-06-28 11:40:00,453.92,454.06,453.42,453.465,64185
2024-06-28 11:45:00,453.49,453.545,453.29,453.4,55906
2024-06-28 11:50:00,453.4,453.75,453.39,453.4288,48012
2024-06-28 11:55:00,453.41,453.61,453.31,453.49,79597
2024-06-28 12:00:00,453.48,453.6999,453.4601,453.495,35995
2024-06-28 12:05:00,453.475,453.4934,452.94,453.07,99408
2024-06-28 12:10:00,453.06,453.14,452.71,452.81,55419
2024-06-28 12:15:00,452.81,452.9,452.17,452.53,121926
2024-06-28 12:20:00,452.57,453.06,452.52,452.84,127868
2024-06-28 12:25:00,452.78,453.125,452.69,452.84,81086
2024-06-28 12:30:00,452.82,453.02,452.64,452.86,63382
2024-06-28 12:35:00,452.825,452.99,452.35,452.42,92047
2024-06-28 12:40:00,452.4,452.73,452.14,452.61,69774
2024-06-28 12:45:00,452.62,452.9,452.5,452.79,56894
2024-06-28 12:50:00,452.8,453.23,452.69,453.1207,72260
2024-06-28 12:55:00,453.0901,453.65,453.08,453.56,62569
2024-06-28 13:00:00,453.54,453.62,453.185,453.37,48673
2024-06-28 13:05:00,453.35,454.1,453.35,454.095,55112
2024-06-28 13:10:00,454.13,454.19,453.9,454.1015,48749
2024-06-28 13:15:00,454.04,454.1015,453.784,453.93,47694
2024-06-28 13:20:00,453.97,454.175,453.93,454.05,34477
2024-06-28 13:25:00,454.04,454.06,453.46,453.5,55399
2024-06-28 13:30:00,453.54,453.57,453.08,453.12,49258
2024-06-28 13:35:00,453.125,453.35,452.97,453.28,39467
2024-06-28 13:40:00,453.28,453.31,452.88,452.97,45545
2024-06-28 13:45:00,452.97,453.3,452.91,453.12,42138
2024-06-28 13:50:00,453.17,453.26,452.99,453.05,43790
2024-06-28 13:55:00,453.0489,453.07,452.86,453.06,46656
2024-06-28 14:00:00,453.03,453.83,452.99,453.83,63957
2024-06-28 14:05:00,453.79,453.79,453.42,453.62,57762
2024-06-28 14:10:00,453.61,453.97,453.48,453.92,54484
2024-06-28 14:15:00,453.94,454.1297,453.875,453.99,60053
2024-06-28 14:20:00,454.005,454.01,452.95,453.12,67083
2024-06-28 14:25:00,453.1,453.35,452.8,452.82,58840
2024-06-28 14:30:00,452.85,453.2,452.8,453.0531,58342
2024-06-28 14:35:00,453.035,453.27,453.0,453.08,40848
2024-06-28 14:40:00,453.06,453.32,453.01,453.1,60863
2024-06-28 14:45:00,453.1,453.21,452.885,452.92,47360
2024-06-28 14:50:00,452.93,453.28,452.92,453.09,54098
2024-06-28 14:55:00,453.11,453.185,452.88,452.95,49102
2024-06-28 15:00:00,452.9699,453.12,452.65,452.69,56252
2024-06-28 15:05:00,452.66,452.83,452.55,452.71,54354
2024-06-28 15:10:00,452.71,452.73,452.26,452.43,59072
2024-06-28 15:15:00,452.4196,452.71,452.3,452.68,84245
2024-06-28 15:20:00,452.67,452.91,452.635,452.82,55093
2024-06-28 15:25:00,452.83,452.88,452.6475,452.75,70736
2024-06-28 15:30:00,452.76,452.88,450.73,451.08,208962
2024-06-28 15:35:00,451.06,452.3,450.94,452.175,270345
2024-06-28 15:40:00,452.12,453.145,451.99,452.59,174811
2024-06-28 15:45:00,452.64,452.93,451.95,452.074,154259
2024-06-28 15:50:00,452.06,452.06,449.81,450.22,1205007
2024-06-28 15:55:00,450.25,450.6,446.41,446.82,2187874
2024-06-28 16:00:00,446.79,448.84,446.75,448.53,8950651
2024-06-28 16:05:00,448.5002,448.53,446.95,448.4897,331544
2024-06-28 16:10:00,448.33,448.49,447.81,448.0,23698
2024-06-28 16:15:00,448.0,448.19,446.95,447.9994,1235023
2024-06-28 16:20:00,448.0,448.18,447.9,448.12,26586
2024-06-28 16:25:00,448.1177,448.799,448.0,448.75,17309
2024-06-28 16:30:00,448.8,448.8,448.43,448.7,5001
2024-06-28 16:35:00,448.69,448.69,448.46,448.59,4832
2024-06-28 16:40:00,448.58,448.6,448.56,448.59,3399
2024-06-28 16:45:00,448.58,448.68,448.57,448.6,8419
2024-06-28 16:50:00,448.68,448.68,448.68,448.68,400
2024-06-28 16:55:00,448.61,448.71,448.56,448.69,4417
2024-06-28 17:00:00,448.7,448.85,448.7,448.75,4661
2024-06-28 17:05:00,448.8,448.8,448.6,448.68,3028
2024-06-28 17:10:00,448.68,448.75,448.62,448.63,1575
2024-06-28 17:15:00,448.46,448.46,448.02,448.02,867
2024-06-28 17:20:00,448.14,448.14,447.91,447.91,7789
2024-06-28 17:25:00,448.55,448.55,448.55,448.55,260
2024-06-28 17:30:00,448.2,448.2,448.09,448.2,560
2024-06-28 17:35:00,448.39,448.39,448.39,448.39,100
2024-06-28 17:40:00,448.5,448.5,448.3,448.3,681
2024-06-28 17:45:00,448.03,448.24,448.03,448.24,200
2024-06-28 17:50:00,448.18,448.29,448.0,448.0,720
2024-06-28 18:00:00,448.25,448.25,448.25,448.25,100
2024-06-28 18:05:00,448.0271,448.0271,447.9,447.9,300
2024-06-28 18:10:00,448.28,448.34,448.17,448.24,2500
2024-06-28 18:15:00,448.2,448.25,448.13,448.13,700
2024-06-28 18:20:00,448.11,448.11,448.04,448.04,250
2024-06-28 18:25:00,448.0,448.3,448.0,448.3,287
2024-06-28 18:40:00,447.96,447.96,447.84,447.84,345
2024-06-28 18:45:00,447.85,447.85,447.84,447.84,732
2024-06-28 18:50:00,447.61,447.61,447.61,447.61,666
2024-06-28 19:00:00,447.75,447.75,447.75,447.75,100
2024-06-28 19:05:00,447.7,447.7,447.7,447.7,100
2024-06-28 19:10:00,447.8485,447.8485,447.8485,447.8485,1000
2024-06-28 19:15:00,447.75,447.76,447.63,447.63,431
2024-06-28 19:20:00,447.6,447.74,447.01,447.74,3019
2024-06-28 19:30:00,447.26,447.69,447.26,447.69,854
2024-06-28 19:35:00,447.54,447.54,447.54,447.54,1000
2024-06-28 19:40:00,447.5,447.5,447.36,447.37,1929
2024-06-28 19:45:00,447.37,447.47,447.37,447.47,1056
2024-06-28 19:50:00,447.5,447.5,447.4,447.4,2421
2024-06-28 19:55:00,447.4,447.4,447.35,447.35,1425
2024-07-01 04:00:00,448.4,448.96,447.85,448.55,3258
2024-07-01 04:10:00,448.67,448.67,448.67,448.67,112
2024-07-01 04:35:00,449.24,449.24,448.91,448.91,296
2024-07-01 04:40:00,448.99,448.99,448.52,448.71,1331
2024-07-01 04:50:00,448.61,448.61,448.61,448.61,100
2024-07-01 05:00:00,448.33,448.35,448.32,448.35,466
2024-07-01 05:05:00,448.34,448.34,448.34,448.34,134
2024-07-01 05:10:00,448.1,448.1,448.05,448.05,400
2024-07-01 05:15:00,448.1,448.1,448.08,448.08,260
2024-07-01 05:50:00,448.46,448.47,448.46,448.47,309
2024-07-01 06:00:00,448.59,448.59,448.59,448.59,100
2024-07-01 06:25:00,448.79,448.79,448.79,448.79,100
2024-07-01 06:30:00,448.61,448.8,448.61,448.8,312
2024-07-01 06:35:00,448.79,449.06,448.79,449.05,3235
2024-07-01 06:45:00,449.2,449.5,449.2,449.29,767
2024-07-01 06:50:00,449.23,449.52,449.23,449.35,470
2024-07-01 07:00:00,449.2,449.4,448.98,448.98,5617
2024-07-01 07:05:00,448.81,448.81,448.81,448.81,100
2024-07-01 07:10:00,448.97,449.0,448.75,448.75,1174
2024-07-01 07:15:00,448.9,448.9,448.75,448.75,500
2024-07-01 07:20:00,448.6,448.6,448.6,448.6,161
2024-07-01 07:25:00,448.62,448.62,448.55,448.55,3663
2024-07-01 07:30:00,448.75,448.75,448.75,448.75,178
2024-07-01 07:35:00,448.75,448.85,448.75,448.85,576
2024-07-01 07:50:00,448.53,448.53,448.53,448.53,100
2024-07-01 08:00:00,448.75,449.5,448.3045,448.9,15087
2024-07-01 08:05:00,448.96,448.98,446.95,446.95,24270
2024-07-01 08:10:00,448.98,449.4498,448.98,449.36,5878
2024-07-01 08:15:00,446.95,449.35,446.95,449.3,1420
2024-07-01 08:20:00,449.19,449.35,449.19,449.35,1161
2024-07-01 08:25:00,449.2,449.25,449.2,449.2,350
2024-07-01 08:30:00,449.3989,449.3989,449.2,449.2,233
2024-07-01 08:40:00,448.9,448.9,448.65,448.65,875
2024-07-01 08:45:00,449.03,449.1006,448.65,449.1,3227
2024-07-01 08:50:00,449.1,449.4,449.1,449.4,1000
2024-07-01 08:55:00,449.24,449.24,449.24,449.24,137
2024-07-01 09:00:00,449.45,449.45,446.95,449.4485,3269
2024-07-01 09:05:00,449.22,449.22,449.2,449.2,1044
2024-07-01 09:10:00,448.85,448.85,448.85,448.85,100
2024-07-01 09:15:00,448.58,448.6,448.5,448.6,1071
2024-07-01 09:20:00,448.85,449.0,448.85,449.0,500
2024-07-01 09:25:00,449.15,449.25,448.55,448.82,16873
2024-07-01 09:30:00,448.8,448.8,446.52,446.95,693576
2024-07-01 09:35:00,446.9,449.455,446.73,448.47,240127
2024-07-01 09:40:00,448.49,449.34,448.25,448.93,136882
2024-07-01 09:45:00,448.97,449.19,446.8,447.27,241689
2024-07-01 09:50:00,447.235,447.28,445.66,446.62,289588
2024-07-01 09:55:00,446.68,448.06,446.405,447.87,168550
2024-07-01 10:00:00,448.1,449.105,447.98,448.945,183150
2024-07-01 10:05:00,448.98,449.4299,448.54,449.26,104284
2024-07-01 10:10:00,449.2867,449.48,448.0,448.16,118102
2024-07-01 10:15:00,448.2,450.4999,448.05,450.08,178775
2024-07-01 10:20:00,450.1,451.365,450.03,451.125,170997
2024-07-01 10:25:00,451.18,451.5355,450.98,451.5355,103440
2024-07-01 10:30:00,451.495,451.84,451.05,451.55,136389
2024-07-01 10:35:00,451.55,452.3099,451.465,451.9,132478
2024-07-01 10:40:00,451.87,452.185,451.235,451.36,68419
2024-07-01 10:45:00,451.375,451.69,450.96,451.18,65487
2024-07-01 10:50:00,451.225,451.33,450.36,450.435,83559
2024-07-01 10:55:00,450.46,451.2,450.3,451.105,76987
2024-07-01 11:00:00,451.05,451.22,450.19,451.07,82469
2024-07-01 11:05:00,451.07,451.35,450.62,450.805,72326
2024-07-01 11:10:00,450.825,451.97,450.75,451.94,75635
2024-07-01 11:15:00,451.97,452.38,451.8539,451.99,110698
2024-07-01 11:20:00,451.95,452.09,451.4,451.72,65613
2024-07-01 11:25:00,451.71,452.21,451.71,451.97,56163
2024-07-01 11:30:00,451.9699,451.9699,451.33,451.535,57888
2024-07-01 11:35:00,451.585,451.715,451.27,451.715,81964
2024-07-01 11:40:00,451.695,452.1244,451.59,451.62,64785
2024-07-01 11:45:00,451.59,452.13,451.59,452.08,60013
2024-07-01 11:50:00,452.09,452.8,452.02,452.68,77694
2024-07-01 11:55:00,452.67,452.8296,452.145,452.8,81095
2024-07-01 12:00:00,452.825,453.13,452.6201,452.99,104165
2024-07-01 12:05:00,453.03,453.88,453.0,453.81,140040
2024-07-01 12:10:00,453.83,454.17,453.415,454.17,99500
2024-07-01 12:15:00,454.1566,454.31,453.51,453.54,71422
2024-07-01 12:20:00,453.56,453.73,453.25,453.4,68723
2024-07-01 12:25:00,453.37,453.9,453.22,453.9,44065
2024-07-01 12:30:00,453.89,454.27,453.73,453.96,62716
2024-07-01 12:35:00,453.97,454.4,453.97,454.3,54904
2024-07-01 12:40:00,454.33,454.48,454.14,454.2741,51407
2024-07-01 12:45:00,454.275,454.77,454.2596,454.61,63786
2024-07-01 12:50:00,454.63,454.73,454.38,454.46,63499
2024-07-01 12:55:00,454.5,454.66,454.02,454.421,62562
2024-07-01 13:00:00,454.4,454.69,454.17,454.28,68157
2024-07-01 13:05:00,454.25,454.6,454.12,454.31,59407
2024-07-01 13:10:00,454.27,454.4,454.05,454.2,32027
2024-07-01 13:15:00,454.1748,454.18,453.31,453.5,67589
2024-07-01 13:20:00,453.52,453.5999,452.9201,453.16,67175
2024-07-01 13:25:00,453.2,453.56,453.12,453.195,46218
2024-07-01 13:30:00,453.1989,453.39,453.06,453.325,76348
2024-07-01 13:35:00,453.28,453.77,453.22,453.76,69353
2024-07-01 13:40:00,453.75,453.93,453.7064,453.845,42453
2024-07-01 13:45:00,453.82,454.0,453.47,453.51,32410
2024-07-01 13:50:00,453.53,453.91,453.53,453.745,40087
2024-07-01 13:55:00,453.69,453.79,453.48,453.725,32983
2024-07-01 14:00:00,453.72,453.76,453.17,453.44,45137
2024-07-01 14:05:00,453.485,453.84,453.41,453.695,78063
2024-07-01 14:10:00,453.67,454.2,453.63,454.045,75478
2024-07-01 14:15:00,454.035,454.37,454.01,454.3,98493
2024-07-01 14:20:00,454.29,454.29,453.88,453.91,35896
2024-07-01 14:25:00,453.9,453.9,452.87,452.87,61148
2024-07-01 14:30:00,452.89,453.11,452.56,453.06,68644
2024-07-01 14:35:00,453.04,453.49,453.04,453.49,58099
2024-07-01 14:40:00,453.505,453.63,453.41,453.61,68495
2024-07-01 14:45:00,453.61,453.65,453.27,453.45,37612
2024-07-01 14:50:00,453.47,453.58,453.3,453.48,36835
2024-07-01 14:55:00,453.4799,453.86,453.385,453.83,50984
2024-07-01 15:00:00,453.82,453.95,453.64,453.9,41707
2024-07-01 15:05:00,453.9,454.21,453.84,454.15,52607
2024-07-01 15:10:00,454.14,454.34,454.1,454.18,52532
2024-07-01 15:15:00,454.145,454.2,453.92,454.11,56980
2024-07-01 15:20:00,454.105,454.25,453.85,454.17,66573
2024-07-01 15:25:00,454.16,454.16,453.38,454.04,80831
2024-07-01 15:30:00,454.045,454.93,454.02,454.93,138459
2024-07-01 15:35:00,454.95,454.965,454.32,454.625,138112
2024-07-01 15:40:00,454.65,455.48,454.61,455.42,278037
2024-07-01 15:45:00,455.42,455.8799,455.27,455.53,247289
2024-07-01 15:50:00,455.57,456.83,455.57,456.755,370447
2024-07-01 15:55:00,456.73,457.37,456.48,456.64,915908
2024-07-01 16:00:00,456.73,456.98,456.46,456.73,3430958
2024-07-01 16:05:00,456.72,456.72,456.55,456.61,3162
2024-07-01 16:10:00,456.6,456.63,456.4697,456.4697,1616
2024-07-01 16:15:00,456.5,456.72,456.5,456.71,1950
2024-07-01 16:20:00,456.54,456.66,456.49,456.66,800
2024-07-01 16:25:00,456.7,456.71,456.7,456.71,400
2024-07-01 16:30:00,456.71,456.71,456.71,456.71,201
2024-07-01 16:35:00,456.7,457.2,456.35,456.83,4042
2024-07-01 16:40:00,456.83,456.83,456.83,456.83,477
2024-07-01 16:45:00,456.64,456.64,456.64,456.64,100
2024-07-01 16:50:00,456.7,456.73,456.7,456.73,308
2024-07-01 16:55:00,456.71,456.73,456.7,456.73,11750
2024-07-01 17:00:00,456.92,456.92,456.92,456.92,100
2024-07-01 17:05:00,456.8,456.8,456.8,456.8,200
2024-07-01 17:10:00,456.7353,456.8,456.72,456.73,1287
2024-07-01 17:15:00,456.73,456.73,456.73,456.73,400
2024-07-01 17:30:00,456.94,457.05,456.94,457.0201,3197
2024-07-01 17:35:00,457.02,457.02,457.02,457.02,561
2024-07-01 17:40:00,457.1,457.1,457.1,457.1,100
2024-07-01 17:45:00,457.03,457.03,457.02,457.03,1019
2024-07-01 17:50:00,457.05,457.1,457.0322,457.1,923
2024-07-01 17:55:00,457.06,457.06,457.02,457.02,1340
2024-07-01 18:00:00,457.02,457.15,457.01,457.15,3729
2024-07-01 18:05:00,457.0647,457.13,457.0647,457.13,200
2024-07-01 18:10:00,457.13,457.1903,457.13,457.19,1574
2024-07-01 18:20:00,457.19,457.19,457.19,457.19,574
2024-07-01 18:25:00,457.19,457.25,457.19,457.19,2039
2024-07-01 18:30:00,457.1,457.1,457.1,457.1,100
2024-07-01 18:35:00,457.19,457.19,457.0,457.05,2283
2024-07-01 18:40:00,457.1,457.1,457.05,457.05,268
2024-07-01 18:45:00,457.0,457.0,457.0,457.0,400
2024-07-01 18:55:00,457.0,457.0,456.97,456.97,2499
2024-07-01 19:00:00,456.96,456.98,456.79,456.79,4407
2024-07-01 19:05:00,456.8,456.88,456.8,456.88,405
2024-07-01 19:10:00,456.73,456.76,456.7,456.7,1073
2024-07-01 19:20:00,456.73,456.73,456.73,456.73,143
2024-07-01 19:30:00,456.88,456.88,456.77,456.77,218
2024-07-01 19:35:00,456.78,456.78,456.75,456.75,1646
2024-07-01 19:40:00,456.76,456.76,456.7,456.7,798
2024-07-01 19:45:00,456.52,456.52,456.52,456.52,100
2024-07-01 19:50:00,456.6685,456.68,456.51,456.62,2310
2024-07-01 19:55:00,456.62,456.7,456.55,456.68,3452
